"player","team","games","position","recTarg","recRec","recRec40s","recYds","recYds100Games","recTds","recTd40s","recDrops","catch","depth","ypt","ypr","rac","rzRecTarg","rzRecRec","rzRecTds","rzRecTargPct","rzRecRecPct","rzRecTdPct","ezRecTarg","ezRecTds","ezRecTargPct","ezRecRecPct","ezRecTdPct","rushCarries","rush40s","rushYds","rushYds100Games","rushTds","rushTd40s","ypc","yac","rushTa","tat","fumbles","rzRushCarries","rzRushTds","rzRushPct","rzRushTdPct","i5RushCarries","i5RushTds","i5RushPct","i5RushTdPct","patConversions","patAttempts","fantasyPts","ptsPerSnap","ptsPerTouch"
"Isaac TeSlaa","DET","3","WR","4","2","0","42","0","1","0","0","50","18.75","10.5","21","1","3","2","1","75","100","100","1","1","25","50","100","0","0","0","0","0","0","0","0","0","0","0","0","0","0","0","0","0","0","0","0","0","12.2","0.36","6.1"
"Ryan Flournoy","DAL","2","WR","2","2","0","21","0","0","0","0","100","10","10.5","10.5","0.5","0","0","0","0","0","0","0","0","0","0","0","0","0","0","0","0","0","0","0","0","0","0","0","0","0","0","0","0","0","0","0","0","4.1","0.12","2.05"
"Tetairoa McMillan","CAR","3","WR","27","14","1","216","1","0","0","2","51.9","11.26","8","15.43","5.36","9","3","0","33.3","21.4","0","3","0","11.1","0","0","0","0","0","0","0","0","0","0","0","0","0","0","0","0","0","0","0","0","0","0","1","35.6","0.2","2.54"
"Luther Burden III","CHI","3","WR","6","5","1","103","1","1","1","1","83.3","10.83","17.17","20.6","8.8","4","3","1","66.7","60","100","0","0","0","0","0","1","0","7","0","0","0","7","6","1","1","0","0","0","0","0","0","0","0","0","0","0","22","0.47","3.67"
"Matthew Golden","GB","3","WR","8","6","0","68","0","0","0","0","75","15.63","8.5","11.33","4.17","1","0","0","12.5","0","0","1","0","12.5","0","0","5","0","24","0","0","0","4.8","6.2","1","0.2","0","1","0","20","0","0","0","0","0","0","0","15.2","0.14","1.38"
"Dominic Lovett","DET","2","WR","0","0","0","0","0","0","0","0","0","0","0","0","0","0","0","0","0","0","0","0","0","0","0","0","0","0","0","0","0","0","0","0","0","0","0","0","0","0","0","0","0","0","0","0","0","0","0",""
"Brian Thomas Jr.","JAX","3","WR","24","7","1","115","0","0","0","3","29.2","13.29","4.79","16.43","5","5","0","0","20.8","0","0","2","0","8.3","0","0","1","0","9","0","1","0","9","0","0","0","0","1","1","100","100","0","0","0","0","0","0","25.4","0.14","3.17"
"Adonai Mitchell","IND","3","WR","7","4","0","41","0","0","0","0","57.1","18.57","5.86","10.25","0.25","2","0","0","28.6","0","0","0","0","0","0","0","0","0","0","0","0","0","0","0","0","0","0","0","0","0","0","0","0","0","0","0","0","8.1","0.18","2.02"
"Devontez Walker","BLT","2","WR","3","3","0","60","0","2","0","0","100","25","20","20","0.67","3","3","2","100","100","100","2","2","66.7","66.7","100","0","0","0","0","0","0","0","0","0","0","0","0","0","0","0","0","0","0","0","0","0","21","1.05","7"
"Keon Coleman","BUF","3","WR","19","14","0","158","1","1","0","2","73.7","10.11","8.32","11.29","2.36","3","2","1","15.8","14.3","100","2","1","10.5","7.1","100","0","0","0","0","0","0","0","0","0","0","0","0","0","0","0","0","0","0","0","0","2","35.8","0.23","2.56"
"Tai Felton","MIN","1","WR","1","1","0","9","0","0","0","0","100","7","9","9","2","0","0","0","0","0","0","0","0","0","0","0","0","0","0","0","0","0","0","0","0","0","0","0","0","0","0","0","0","0","0","0","0","1.9","0.16","1.9"
"KeAndre Lambert-Smith","LAC","2","WR","1","0","0","0","0","0","0","0","0","30","0","0","0","1","0","0","100","0","0","1","0","100","0","0","0","0","0","0","0","0","0","0","0","0","0","0","0","0","0","0","0","0","0","0","0","0","0",""
"Jaxon Smith-Njigba","SEA","3","WR","28","22","3","323","2","1","0","0","78.6","12.21","11.54","14.68","3.59","3","2","1","10.7","9.1","100","0","0","0","0","0","0","0","0","0","0","0","0","0","0","0","2","0","0","0","0","0","0","0","0","0","0","60.3","0.55","2.74"
"Roman Wilson","PIT","3","WR","2","1","0","7","0","0","0","0","50","14","3.5","7","1","0","0","0","0","0","0","0","0","0","0","0","0","0","0","0","0","0","0","0","0","0","0","0","0","0","0","0","0","0","0","0","0","1.7","0.04","1.7"
"Kyle Williams","NE","3","WR","2","2","0","20","0","0","0","0","100","9.5","10","10","0.5","0","0","0","0","0","0","0","0","0","0","0","0","0","0","0","0","0","0","0","0","0","0","0","0","0","0","0","0","0","0","0","0","4","0.15","2"
"Kayshon Boutte","NE","3","WR","12","9","0","147","1","1","0","0","75","16.25","12.25","16.33","0.56","4","2","1","33.3","22.2","100","3","1","25","11.1","100","0","0","0","0","0","0","0","0","0","0","0","0","0","0","0","0","0","0","0","0","0","29.7","0.19","3.3"
"Arian Smith","NYJ","3","WR","4","3","0","10","0","0","0","0","75","6","2.5","3.33","1.33","0","0","0","0","0","0","0","0","0","0","0","1","0","-10","0","0","0","-10","0","0","0","0","0","0","0","0","0","0","0","0","0","0","3","0.04","0.75"
"Mitchell Tinsley","CIN","3","WR","2","1","0","13","0","1","0","0","50","9.5","6.5","13","0","1","1","1","50","100","100","1","1","50","100","100","0","0","0","0","0","0","0","0","0","0","0","0","0","0","0","0","0","0","0","0","0","8.3","0.38","8.3"
"Quentin Johnston","LAC","3","WR","22","14","1","239","0","3","1","0","63.6","14.18","10.86","17.07","7.14","9","6","3","40.9","42.9","100","3","1","13.6","7.1","33.3","1","0","-2","0","0","0","-2","0","0","0","0","0","0","0","0","0","0","0","0","0","0","55.7","0.32","3.71"
"Xavier Hutchinson","HST","3","WR","8","7","0","75","0","0","0","0","87.5","8.38","9.38","10.71","3","0","0","0","0","0","0","0","0","0","0","0","1","0","5","0","0","0","5","3","1","1","0","0","0","0","0","0","0","0","0","0","0","15","0.14","1.88"
"Dareke Young","SEA","2","WR","1","1","0","12","0","0","0","0","100","12","12","12","0","1","1","0","100","100","0","0","0","0","0","0","0","0","0","0","0","0","0","0","0","0","0","0","0","0","0","0","0","0","0","0","0","2.2","0.09","2.2"
"Mason Tipton","NO","1","WR","0","0","0","0","0","0","0","0","0","0","0","0","0","0","0","0","0","0","0","0","0","0","0","0","0","0","0","0","0","0","0","0","0","0","0","0","0","0","0","0","0","0","0","0","0","0","0",""
"Casey Washington","ATL","1","WR","6","3","0","33","0","0","0","1","50","15.33","5.5","11","1.33","1","0","0","16.7","0","0","0","0","0","0","0","0","0","0","0","0","0","0","0","0","0","0","0","0","0","0","0","0","0","0","0","0","6.3","0.09","2.1"
"Jameson Williams","DET","3","WR","12","8","2","174","1","1","1","0","66.7","17.83","14.5","21.75","7.63","4","2","1","33.3","25","100","0","0","0","0","0","1","0","3","0","0","0","3","8","1","1","0","0","0","0","0","0","0","0","0","0","0","31.7","0.18","3.52"
"Luke McCaffrey","WAS","3","WR","4","4","1","75","0","1","1","0","100","7.75","18.75","18.75","11","1","1","0","25","25","0","0","0","0","0","0","0","0","0","0","0","0","0","0","0","0","0","0","0","0","0","0","0","0","0","1","1","17.5","0.42","4.38"
"Tre Tucker","LV","3","WR","20","13","1","211","1","4","1","1","65","13.5","10.55","16.23","3.77","7","5","4","35","38.5","100","3","2","15","15.4","50","2","0","11","0","0","0","5.5","3.5","1","0.5","0","0","0","0","0","0","0","0","0","0","0","59.2","0.32","3.95"
"George Pickens","DAL","3","WR","21","13","0","166","0","2","0","1","61.9","11.62","7.9","12.77","3.85","9","3","2","42.9","23.1","100","7","2","33.3","15.4","100","0","0","0","0","0","0","0","0","0","0","0","0","0","0","0","0","0","0","0","0","0","41.6","0.21","3.2"
"John Metchie III","PHI","3","WR","2","2","0","8","0","0","0","0","100","0","4","4","4","0","0","0","0","0","0","0","0","0","0","0","0","0","0","0","0","0","0","0","0","0","0","0","0","0","0","0","0","0","0","0","0","2.8","0.28","1.4"
"Jamari Thrash","CLV","3","WR","5","4","0","18","0","0","0","0","80","7.4","3.6","4.5","1","0","0","0","0","0","0","0","0","0","0","0","0","0","0","0","0","0","0","0","0","0","0","0","0","0","0","0","0","0","0","0","0","5.8","0.11","1.45"
"Skyy Moore","SF","3","WR","1","1","0","10","0","0","0","0","100","10","10","10","0","0","0","0","0","0","0","0","0","0","0","0","0","0","0","0","0","0","0","0","0","0","0","0","0","0","0","0","0","0","0","0","0","2","0.05","2"
"Malik Washington","MIA","3","WR","11","6","0","34","0","0","0","0","54.5","5.09","3.09","5.67","7.83","2","1","0","18.2","16.7","0","0","0","0","0","0","6","0","52","0","0","0","8.67","6.67","3","0.5","0","0","0","0","0","0","0","0","0","0","0","14.6","0.15","1.22"
"Amon-Ra St. Brown","DET","3","WR","24","20","0","237","1","4","0","0","83.3","9.25","9.88","11.85","3.25","11","9","4","45.8","45","100","3","3","12.5","15","75","2","0","7","0","0","0","3.5","4.5","0","0","0","1","0","50","0","0","0","0","0","0","0","68.4","0.4","3.11"
"Cedric Tillman","CLV","3","WR","18","10","0","100","0","2","0","1","55.6","9.22","5.56","10","1.4","3","2","2","16.7","20","100","2","2","11.1","20","100","0","0","0","0","0","0","0","0","0","0","0","0","0","0","0","0","0","0","0","0","0","32","0.17","3.2"
"Michael Wilson","ARZ","3","WR","8","3","0","21","0","1","0","1","37.5","15.88","2.63","7","1","3","1","1","37.5","33.3","100","1","1","12.5","33.3","100","0","0","0","0","0","0","0","0","0","0","0","0","0","0","0","0","0","0","0","0","0","11.1","0.08","3.7"
"Justin Shorter","LV","1","WR","0","0","0","0","0","0","0","0","0","0","0","0","0","0","0","0","0","0","0","0","0","0","0","0","0","0","0","0","0","0","0","0","0","0","0","0","0","0","0","0","0","0","0","0","0","0","0",""
"Jahan Dotson","PHI","3","WR","6","5","1","70","0","0","0","0","83.3","12.83","11.67","14","4.2","0","0","0","0","0","0","0","0","0","0","0","0","0","0","0","0","0","0","0","0","0","0","0","0","0","0","0","0","0","0","0","0","12","0.12","2.4"
"Elijah Moore","BUF","3","WR","5","4","0","64","0","0","0","0","80","4.4","12.8","16","12.25","0","0","0","0","0","0","0","0","0","0","0","4","0","25","0","1","0","6.25","2.75","2","0.5","0","1","1","25","100","1","1","25","100","0","0","18.9","0.34","2.36"
"Ja'Marr Chase","CIN","3","WR","28","21","0","241","1","1","0","0","75","8.86","8.61","11.48","6.14","7","5","1","25","23.8","100","1","1","3.6","4.8","100","1","0","9","0","0","0","9","0","0","0","1","0","0","0","0","0","0","0","0","0","0","52","0.33","2.36"
"Nikko Remigio","KC","3","WR","1","1","0","21","0","0","0","0","100","18","21","21","3","0","0","0","0","0","0","0","0","0","0","0","1","0","11","0","0","0","11","5","0","0","0","0","0","0","0","0","0","0","0","0","0","4.2","0.53","2.1"
"Jaylen Waddle","MIA","3","WR","17","14","0","137","0","2","0","0","82.4","9.06","8.06","9.79","2.64","5","2","2","29.4","14.3","100","3","2","17.6","14.3","100","0","0","0","0","0","0","0","0","0","0","0","0","0","0","0","0","0","0","0","0","0","39.7","0.31","2.84"
"Alec Pierce","IND","3","WR","13","9","1","171","0","0","0","0","69.2","18.77","13.15","19","2","4","1","0","30.8","11.1","0","2","0","15.4","0","0","0","0","0","0","0","0","0","0","0","0","0","0","0","0","0","0","0","0","0","0","0","26.1","0.17","2.9"
"Jake Bobo","SEA","2","WR","0","0","0","0","0","0","0","0","0","0","0","0","0","0","0","0","0","0","0","0","0","0","0","0","0","0","0","0","0","0","0","0","0","0","0","0","0","0","0","0","0","0","0","0","0","0","0",""
"Rashid Shaheed","NO","3","WR","20","14","0","127","0","1","0","0","70","10.1","6.35","9.07","1.93","6","3","1","30","21.4","100","1","0","5","0","0","0","0","0","0","0","0","0","0","0","0","0","0","0","0","0","0","0","0","0","0","0","32.7","0.19","2.34"
"Joshua Palmer","BUF","3","WR","13","8","0","113","0","0","0","0","61.5","12.15","8.69","14.13","3.5","3","2","0","23.1","25","0","1","0","7.7","0","0","0","0","0","0","0","0","0","0","0","0","0","0","0","0","0","0","0","0","0","0","0","19.3","0.16","2.41"
"Tylan Wallace","BLT","3","WR","3","2","0","25","0","1","0","0","66.7","11.67","8.33","12.5","3.5","2","1","1","66.7","50","100","2","1","66.7","50","100","0","0","0","0","0","0","0","0","0","0","0","0","0","0","0","0","0","0","0","0","0","10.5","0.14","5.25"
"Cody White","SEA","1","WR","0","0","0","0","0","0","0","0","0","0","0","0","0","0","0","0","0","0","0","0","0","0","0","0","0","0","0","0","0","0","0","0","0","0","0","0","0","0","0","0","0","0","0","0","0","0","0",""
"Nico Collins","HST","3","WR","25","14","1","181","1","2","1","0","56","11.64","7.24","12.93","3.93","7","3","2","28","21.4","100","3","1","12","7.1","50","0","0","0","0","0","0","0","0","0","0","1","0","0","0","0","0","0","0","0","0","0","44.1","0.29","3.15"
"Tee Higgins","CIN","3","WR","15","7","1","104","0","1","1","0","46.7","13.53","6.93","14.86","3.29","4","1","1","26.7","14.3","100","2","0","13.3","0","0","0","0","0","0","0","0","0","0","0","0","0","0","0","0","0","0","0","0","0","0","0","23.4","0.16","3.34"
"Tyrell Shavers","BUF","3","WR","4","2","0","24","0","0","0","0","50","8.75","6","12","8","0","0","0","0","0","0","0","0","0","0","0","0","0","0","0","0","0","0","0","0","0","0","0","0","0","0","0","0","0","0","0","0","4.4","0.08","2.2"
"Jerry Jeudy","CLV","3","WR","21","10","0","134","0","0","0","3","47.6","13.62","6.38","13.4","1.9","3","1","0","14.3","10","0","0","0","0","0","0","0","0","0","0","0","0","0","0","0","0","0","0","0","0","0","0","0","0","0","0","0","23.4","0.13","2.34"
"Charlie Jones","CIN","2","WR","0","0","0","0","0","0","0","0","0","0","0","0","0","0","0","0","0","0","0","0","0","0","0","0","0","0","0","0","0","0","0","0","0","0","0","0","0","0","0","0","0","0","0","0","0","0","0",""
"DJ Moore","CHI","3","WR","16","12","0","135","0","1","0","0","75","10.25","8.44","11.25","3.67","3","1","1","18.8","8.3","100","1","1","6.3","8.3","100","6","0","15","0","0","0","2.5","1.83","1","0.17","1","0","0","0","0","0","0","0","0","0","0","33","0.2","1.83"
"Calvin Ridley","TEN","3","WR","20","8","0","111","0","0","0","3","40","12","5.55","13.88","5.88","4","0","0","20","0","0","1","0","5","0","0","0","0","0","0","0","0","0","0","0","0","0","0","0","0","0","0","0","0","0","0","0","19.1","0.11","2.39"
"Darnell Mooney","ATL","2","WR","14","6","0","64","0","0","0","2","42.9","12","4.57","10.67","2.5","3","0","0","21.4","0","0","2","0","14.3","0","0","0","0","0","0","0","0","0","0","0","0","0","0","0","0","0","0","0","0","0","0","0","12.4","0.11","2.07"
"Terry McLaurin","WAS","3","WR","18","10","1","149","0","0","0","0","55.6","14.33","8.28","14.9","3.6","3","1","0","16.7","10","0","0","0","0","0","0","0","0","0","0","0","0","0","0","0","0","0","0","0","0","0","0","0","0","0","0","0","24.9","0.16","2.49"
"Courtland Sutton","DEN","3","WR","21","13","1","185","1","2","1","0","61.9","14.33","8.81","14.23","2.92","6","3","2","28.6","23.1","100","2","1","9.5","7.7","50","0","0","0","0","0","0","0","0","0","0","0","0","0","0","0","0","0","0","0","0","0","43.5","0.27","3.35"
"Tyler Johnson","NYJ","3","WR","6","4","0","63","0","0","0","2","66.7","13","10.5","15.75","7.25","1","1","0","16.7","25","0","0","0","0","0","0","0","0","0","0","0","0","0","0","0","0","0","0","0","0","0","0","0","0","0","0","0","10.3","0.08","2.58"
"Jauan Jennings","SF","2","WR","14","7","1","105","0","1","1","0","50","9.5","7.5","15","9.29","2","0","0","14.3","0","0","1","0","7.1","0","0","0","0","0","0","0","0","0","0","0","0","0","0","0","0","0","0","0","0","0","0","0","23.5","0.21","3.36"
"Marquez Valdes-Scantling","SF","3","WR","2","1","0","9","0","0","0","0","50","12","4.5","9","1","0","0","0","0","0","0","0","0","0","0","0","0","0","0","0","0","0","0","0","0","0","0","0","0","0","0","0","0","0","0","0","0","1.9","0.04","1.9"
"Van Jefferson","TEN","3","WR","3","3","0","18","0","0","0","0","100","3.33","6","6","2.67","1","1","0","33.3","33.3","0","0","0","0","0","0","0","0","0","0","0","0","0","0","0","0","0","0","0","0","0","0","0","0","0","0","0","4.8","0.1","1.6"
"Darius Slayton","NYG","3","WR","7","6","1","91","0","0","0","0","85.7","11.14","13","15.17","5","1","1","0","14.3","16.7","0","0","0","0","0","0","0","0","0","0","0","0","0","0","0","0","0","0","0","0","0","0","0","0","0","0","0","15.1","0.08","2.52"
"Kendrick Bourne","SF","2","WR","8","7","0","70","0","0","0","1","87.5","6.75","8.75","10","3.86","0","0","0","0","0","0","0","0","0","0","0","0","0","0","0","0","0","0","0","0","0","0","0","0","0","0","0","0","0","0","0","0","14","0.17","2"
"Josh Reynolds","NYJ","1","WR","3","2","0","18","0","0","0","0","66.7","10.67","6","9","1","0","0","0","0","0","0","0","0","0","0","0","0","0","0","0","0","0","0","0","0","0","0","0","0","0","0","0","0","0","0","0","0","3.8","0.06","1.9"
"Cooper Kupp","SEA","3","WR","13","11","0","136","0","0","0","1","84.6","8","10.46","12.36","5.36","2","2","0","15.4","18.2","0","0","0","0","0","0","0","0","0","0","0","0","0","0","0","0","0","0","0","0","0","0","0","0","0","0","0","24.6","0.2","2.24"
"Zay Jones","ARZ","3","WR","4","3","0","29","0","0","0","0","75","9.75","7.25","9.67","2.33","0","0","0","0","0","0","0","0","0","0","0","0","0","0","0","0","0","0","0","0","0","0","0","0","0","0","0","0","0","0","0","0","5.9","0.06","1.97"
"Kalif Raymond","DET","3","WR","6","4","0","34","0","0","0","0","66.7","8.5","5.67","8.5","4","0","0","0","0","0","0","0","0","0","0","0","1","0","9","0","0","0","9","4","0","0","0","0","0","0","0","0","0","0","0","0","0","8.3","0.08","1.66"
"Davante Adams","LA","3","WR","28","13","1","213","1","2","1","3","46.4","12.71","7.61","16.38","3.15","11","2","2","39.3","15.4","100","7","2","25","15.4","100","0","0","0","0","0","0","0","0","0","0","0","0","0","0","0","0","0","0","0","0","0","46.3","0.29","3.56"
"Brandin Cooks","NO","3","WR","11","8","0","76","0","0","0","0","72.7","11.09","6.91","9.5","2.63","0","0","0","0","0","0","0","0","0","0","0","0","0","0","0","0","0","0","0","0","0","0","0","0","0","0","0","0","0","0","0","0","15.6","0.1","1.95"
"Mike Evans","TB","3","WR","27","14","0","140","0","1","0","3","51.9","12.56","5.19","10","1.29","5","2","1","18.5","14.3","100","2","1","7.4","7.1","100","0","0","0","0","0","0","0","0","0","0","0","0","0","0","0","0","0","0","0","0","0","34","0.21","2.43"
"DeAndre Hopkins","BLT","3","WR","6","5","1","112","0","2","0","0","83.3","20.83","18.67","22.4","0.2","4","4","2","66.7","80","100","1","1","16.7","20","50","0","0","0","0","0","0","0","0","0","0","0","0","0","0","0","0","0","0","0","0","0","28.2","0.67","5.64"
"Isaiah Bond","CLV","3","WR","8","4","0","27","0","0","0","1","50","9.13","3.38","6.75","6.25","1","1","0","12.5","25","0","0","0","0","0","0","1","0","9","0","0","0","9","3","0","0","0","0","0","0","0","0","0","0","0","0","0","7.6","0.08","1.52"
"Troy Franklin","DEN","3","WR","18","14","1","141","0","1","0","0","77.8","6.28","7.83","10.07","6.14","4","3","1","22.2","21.4","100","0","0","0","0","0","1","0","11","0","0","0","11","14","1","1","0","0","0","0","0","0","0","0","0","0","0","35.2","0.26","2.35"
"Ladd McConkey","LAC","3","WR","21","15","0","163","0","0","0","0","71.4","8.48","7.76","10.87","3.4","4","2","0","19","13.3","0","0","0","0","0","0","0","0","0","0","0","0","0","0","0","0","0","0","0","0","0","0","0","0","0","0","0","31.3","0.18","2.09"
"Josh Downs","IND","3","WR","14","10","0","97","0","0","0","0","71.4","9","6.93","9.7","1.6","4","2","0","28.6","20","0","1","0","7.1","0","0","0","0","0","0","0","0","0","0","0","0","0","0","0","0","0","0","0","0","0","0","0","19.7","0.19","1.97"
"Andrei Iosivas","CIN","3","WR","4","1","0","12","0","0","0","0","25","10.5","3","12","2","0","0","0","0","0","0","0","0","0","0","0","0","0","0","0","0","0","0","0","0","0","0","0","0","0","0","0","0","0","0","0","0","2.2","0.02","2.2"
"Demario Douglas","NE","3","WR","11","5","0","13","0","1","0","1","45.5","4.91","1.18","2.6","0.8","2","1","1","18.2","20","100","2","1","18.2","20","100","1","0","4","0","0","0","4","2","0","0","0","0","0","0","0","0","0","0","0","0","0","12.7","0.14","2.12"
"Dontayvion Wicks","GB","3","WR","12","8","0","95","0","0","0","0","66.7","14.08","7.92","11.88","1.5","4","1","0","33.3","12.5","0","0","0","0","0","0","0","0","0","0","0","0","0","0","0","0","0","0","0","0","0","0","0","0","0","0","0","17.5","0.17","2.19"
"Jordan Whittington","LA","3","WR","4","4","1","49","0","0","0","0","100","8.25","12.25","12.25","4","1","1","0","25","25","0","0","0","0","0","0","3","0","12","0","0","0","4","1.67","0","0","0","1","0","33.3","0","0","0","0","0","0","0","10.1","0.1","1.44"
"Jayden Reed","GB","2","WR","5","3","0","45","0","1","0","1","60","14.4","9","15","5","2","1","1","40","33.3","100","1","1","20","33.3","100","0","0","0","0","0","0","0","0","0","0","0","0","0","0","0","0","0","0","0","0","0","13.5","0.59","4.5"
"Tutu Atwell","LA","3","WR","3","1","0","4","0","0","0","0","33.3","6.33","1.33","4","0","0","0","0","0","0","0","0","0","0","0","0","0","0","0","0","0","0","0","0","0","0","0","0","0","0","0","0","0","0","0","0","0","1.4","0.02","1.4"
"Justin Watson","HST","2","WR","4","3","0","30","0","0","0","0","75","10.25","7.5","10","4.33","2","1","0","50","33.3","0","1","0","25","0","0","0","0","0","0","0","0","0","0","0","0","0","0","0","0","0","0","0","0","0","0","0","6","0.11","2"
"Alex Bachman","LV","3","WR","1","0","0","0","0","0","0","0","0","4","0","0","0","0","0","0","0","0","0","0","0","0","0","0","0","0","0","0","0","0","0","0","0","0","0","0","0","0","0","0","0","0","0","0","0","0","0",""
"Ray-Ray McCloud III","ATL","3","WR","10","5","0","71","0","0","0","0","50","8.7","7.1","14.2","8.6","2","0","0","20","0","0","1","0","10","0","0","0","0","0","0","0","0","0","0","0","0","0","0","0","0","0","0","0","0","0","0","0","12.1","0.1","2.42"
"Hunter Renfrow","CAR","3","WR","18","11","0","65","0","2","0","1","61.1","9.39","3.61","5.91","1.45","8","5","2","44.4","45.5","100","3","2","16.7","18.2","100","0","0","0","0","0","0","0","0","0","0","0","0","0","0","0","0","0","0","0","0","0","29.5","0.23","2.68"
"Olamide Zaccheaus","CHI","3","WR","15","9","0","78","0","0","0","0","60","6.73","5.2","8.67","3.78","2","1","0","13.3","11.1","0","0","0","0","0","0","2","0","21","0","0","0","10.5","3.5","1","0.5","0","0","0","0","0","0","0","0","0","0","0","18.9","0.2","1.72"
"David Sills V","ATL","3","WR","2","1","0","9","0","0","0","0","50","17.5","4.5","9","3","1","0","0","50","0","0","0","0","0","0","0","0","0","0","0","0","0","0","0","0","0","0","0","0","0","0","0","0","0","0","0","0","1.9","0.06","1.9"
"Tim Patrick","JAX","3","WR","2","1","0","16","0","0","0","0","50","11","8","16","13","1","0","0","50","0","0","1","0","50","0","0","0","0","0","0","0","0","0","0","0","0","0","0","0","0","0","0","0","0","0","0","0","2.6","0.06","2.6"
"Stefon Diggs","NE","3","WR","15","13","0","112","0","0","0","0","86.7","6.87","7.47","8.62","3.15","2","2","0","13.3","15.4","0","0","0","0","0","0","0","0","0","0","0","0","0","0","0","0","0","0","0","0","0","0","0","0","0","0","0","24.2","0.22","1.86"
"Adam Thielen","MIN","3","WR","6","2","0","26","0","0","0","1","33.3","15.67","4.33","13","0","2","1","0","33.3","50","0","1","0","16.7","0","0","0","0","0","0","0","0","0","0","0","0","0","0","0","0","0","0","0","0","0","1","1","4.6","0.04","2.3"
"Kameron Johnson","TB","3","WR","0","0","0","0","0","0","0","0","0","0","0","0","0","0","0","0","0","0","0","0","0","0","0","0","0","0","0","0","0","0","0","0","0","0","0","0","0","0","0","0","0","0","0","0","0","0","0",""
"Travis Hunter","JAX","3","WR","16","10","0","76","0","0","0","2","62.5","6.69","4.75","7.6","6.2","3","1","0","18.8","10","0","1","0","6.3","0","0","0","0","0","0","0","0","0","0","0","0","0","0","0","0","0","0","0","0","0","0","0","17.6","0.15","1.76"
"Darius Cooper","PHI","3","WR","0","0","0","0","0","0","0","0","0","0","0","0","0","0","0","0","0","0","0","0","0","0","0","0","0","0","0","0","0","0","0","0","0","0","0","0","0","0","0","0","0","0","0","0","0","0","0",""
"Chimere Dike","TEN","3","WR","10","5","0","1","0","0","0","0","50","5.6","0.1","0.2","2.6","5","3","0","50","60","0","1","0","10","0","0","5","0","21","0","0","0","4.2","3.4","1","0.2","0","1","0","20","0","1","0","20","0","0","0","7.2","0.11","0.72"
"Wan'Dale Robinson","NYG","3","WR","22","15","1","223","1","1","0","0","68.2","12.64","10.14","14.87","4.73","6","4","1","27.3","26.7","100","2","1","9.1","6.7","100","0","0","0","0","0","0","0","0","0","0","0","0","0","0","0","0","0","0","0","0","0","43.3","0.29","2.89"
"Gunner Olszewski","NYG","1","WR","0","0","0","0","0","0","0","0","0","0","0","0","0","0","0","0","0","0","0","0","0","0","0","0","0","0","0","0","0","0","0","0","0","0","0","0","0","0","0","0","0","0","0","0","0","0","0",""
"Ashton Dulin","IND","3","WR","0","0","0","0","0","0","0","0","0","0","0","0","0","0","0","0","0","0","0","0","0","0","0","0","1","0","15","0","0","0","15","10","2","2","0","1","0","100","0","0","0","0","0","0","0","1.5","0.05","1.5"
"Brycen Tremayne","CAR","3","WR","6","5","0","63","0","0","0","0","83.3","9.83","10.5","12.6","3.2","0","0","0","0","0","0","0","0","0","0","0","0","0","0","0","0","0","0","0","0","0","0","0","0","0","0","0","0","0","0","0","0","11.3","0.23","2.26"
"Khalil Shakir","BUF","3","WR","13","11","0","121","0","1","0","0","84.6","7.15","9.31","11","6.91","3","3","1","23.1","27.3","100","0","0","0","0","0","0","0","0","0","0","0","0","0","0","0","0","0","0","0","0","0","0","0","0","0","0","29.1","0.21","2.65"
"Derius Davis","LAC","3","WR","0","0","0","0","0","0","0","0","0","0","0","0","0","0","0","0","0","0","0","0","0","0","0","0","2","0","5","0","0","0","2.5","3.5","2","1","0","0","0","0","0","0","0","0","0","0","0","0.5","0.03","0.25"
"Marquise Brown","KC","3","WR","25","19","1","171","0","0","0","1","76","8","6.84","9","3.21","4","2","0","16","10.5","0","0","0","0","0","0","0","0","0","0","0","0","0","0","0","0","0","0","0","0","0","0","0","0","0","0","0","36.1","0.24","1.9"
"DeVonta Smith","PHI","3","WR","19","15","0","129","0","1","0","0","78.9","9.42","6.79","8.6","2.4","7","4","1","36.8","26.7","100","1","1","5.3","6.7","100","0","0","0","0","0","0","0","0","0","0","0","0","0","0","0","0","0","0","0","0","1","33.9","0.21","2.26"
"Deebo Samuel","WAS","3","WR","20","16","0","132","0","1","0","2","80","3.4","6.6","8.25","7.44","2","1","1","10","6.3","100","0","0","0","0","0","4","0","37","0","1","0","9.25","6","2","0.5","0","1","1","25","100","0","0","0","0","0","0","44.9","0.32","2.25"
"Malik Turner","SF","1","WR","0","0","0","0","0","0","0","0","0","0","0","0","0","0","0","0","0","0","0","0","0","0","0","0","0","0","0","0","0","0","0","0","0","0","0","0","0","0","0","0","0","0","0","0","0","0","0",""
"KaVontae Turpin","DAL","3","WR","9","8","0","129","0","1","0","0","88.9","12.78","14.33","16.13","4.13","3","2","1","33.3","25","100","2","1","22.2","12.5","100","5","0","19","0","0","0","3.8","1.8","2","0.4","0","0","0","0","0","0","0","0","0","0","0","28.8","0.32","2.22"
"Christian Kirk","HST","1","WR","8","3","0","25","0","0","0","0","37.5","12.88","3.13","8.33","6.67","3","0","0","37.5","0","0","0","0","0","0","0","0","0","0","0","0","0","0","0","0","0","0","0","0","0","0","0","0","0","0","0","0","5.5","0.13","1.83"
"Jakobi Meyers","LV","3","WR","25","17","1","228","0","0","0","1","68","10.04","9.12","13.41","6.82","5","0","0","20","0","0","2","0","8","0","0","0","0","0","0","0","0","0","0","0","0","0","0","0","0","0","0","0","0","0","0","0","39.8","0.21","2.34"
"Russell Gage","SF","1","WR","0","0","0","0","0","0","0","0","0","0","0","0","0","0","0","0","0","0","0","0","0","0","0","0","0","0","0","0","0","0","0","0","0","0","0","0","0","0","0","0","0","0","0","0","0","0","0",""
"Greg Dortch","ARZ","3","WR","4","4","0","12","0","0","0","0","100","0.75","3","3","2.25","0","0","0","0","0","0","0","0","0","0","0","1","0","5","0","0","0","5","3","0","0","0","1","0","100","0","0","0","0","0","0","0","5.7","0.16","1.14"
"Ben Skowronek","PIT","3","WR","1","1","0","22","0","1","0","0","100","9","22","22","13","1","1","1","100","100","100","0","0","0","0","0","0","0","0","0","0","0","0","0","0","0","0","0","0","0","0","0","0","0","0","0","0","9.2","0.54","9.2"
"Sterling Shepard","TB","3","WR","15","11","0","153","0","0","0","0","73.3","10.6","10.2","13.91","5.91","3","1","0","20","9.1","0","1","0","6.7","0","0","0","0","0","0","0","0","0","0","0","0","0","0","0","0","0","0","0","0","0","0","0","26.3","0.19","2.39"
"Tyler Lockett","TEN","3","WR","7","6","0","46","0","0","0","0","85.7","5.29","6.57","7.67","3.17","0","0","0","0","0","0","0","0","0","0","0","0","0","0","0","0","0","0","0","0","0","0","0","0","0","0","0","0","0","0","0","0","10.6","0.1","1.77"
"Elic Ayomanor","TEN","3","WR","18","10","0","107","0","2","0","1","55.6","13.72","5.94","10.7","1.8","5","3","2","27.8","30","100","3","2","16.7","20","100","0","0","0","0","0","0","0","0","0","0","0","0","0","0","0","0","0","0","0","0","0","32.7","0.23","3.27"
"Jayden Higgins","HST","3","WR","5","4","0","65","0","0","0","0","80","12.2","13","16.25","6.75","1","1","0","20","25","0","0","0","0","0","0","0","0","0","0","0","0","0","0","0","0","0","0","0","0","0","0","0","0","0","0","0","10.5","0.14","2.63"
"Jack Bech","LV","3","WR","2","2","0","33","0","0","0","0","100","11.5","16.5","16.5","5","0","0","0","0","0","0","0","0","0","0","0","0","0","0","0","0","0","0","0","0","0","0","0","0","0","0","0","0","0","0","0","0","5.3","0.21","2.65"
"Malik Nabers","NYG","3","WR","27","16","1","251","1","2","1","1","59.3","19.26","9.3","15.69","3.06","10","3","2","37","18.8","100","6","2","22.2","12.5","100","0","0","0","0","0","0","0","0","0","0","0","0","0","0","0","0","0","0","0","0","0","53.1","0.28","3.32"
"Dont'e Thornton Jr.","LV","3","WR","12","5","0","94","0","0","0","0","41.7","21.58","7.83","18.8","4.8","2","0","0","16.7","0","0","0","0","0","0","0","0","0","0","0","0","0","0","0","0","0","0","0","0","0","0","0","0","0","0","0","0","14.4","0.11","2.88"
"Konata Mumpfield","LA","3","WR","0","0","0","0","0","0","0","0","0","0","0","0","0","0","0","0","0","0","0","0","0","0","0","0","0","0","0","0","0","0","0","0","0","0","0","0","0","0","0","0","0","0","0","0","0","0","0",""
"Marvin Harrison Jr.","ARZ","3","WR","16","10","1","142","0","1","0","2","62.5","12.38","8.88","14.2","3.8","5","4","1","31.3","40","100","2","1","12.5","10","100","0","0","0","0","0","0","0","0","0","0","0","0","0","0","0","0","0","0","0","0","0","30.2","0.19","3.02"
"Emeka Egbuka","TB","3","WR","21","14","0","181","0","3","0","2","66.7","11.95","8.62","12.93","5.21","7","4","3","33.3","28.6","100","2","1","9.5","7.1","33.3","1","0","9","0","0","0","9","1","0","0","0","0","0","0","0","0","0","0","0","0","0","51","0.29","3.4"
"Pat Bryant","DEN","3","WR","2","2","0","18","0","0","0","0","100","4","9","9","5","0","0","0","0","0","0","0","0","0","0","0","0","0","0","0","0","0","0","0","0","0","0","0","0","0","0","0","0","0","0","0","0","3.8","0.12","1.9"
"Xavier Worthy","KC","1","WR","1","0","0","0","0","0","0","0","0","2","0","0","0","0","0","0","0","0","0","0","0","0","0","0","1","0","0","0","0","0","0","1","0","0","0","0","0","0","0","0","0","0","0","0","0","0","0","0"
"Beaux Collins","NYG","2","WR","0","0","0","0","0","0","0","0","0","0","0","0","0","0","0","0","0","0","0","0","0","0","0","0","0","0","0","0","0","0","0","0","0","0","0","0","0","0","0","0","0","0","0","0","0","0","0",""
"Parker Washington","JAX","3","WR","14","9","1","110","0","0","0","2","64.3","9.93","7.86","12.22","6.89","3","3","0","21.4","33.3","0","0","0","0","0","0","0","0","0","0","0","0","0","0","0","0","0","0","0","0","0","0","0","0","0","0","0","20","0.24","2.22"
"Tory Horton","SEA","3","WR","8","5","0","64","0","2","0","0","62.5","14.25","8","12.8","1.6","2","2","2","25","40","100","2","2","25","40","100","0","0","0","0","0","0","0","0","0","0","0","0","0","0","0","0","0","0","0","0","0","23.4","0.29","4.68"
"Jaylin Noel","HST","3","WR","3","2","0","11","0","0","0","0","66.7","-0.67","3.67","5.5","9.5","0","0","0","0","0","0","0","0","0","0","0","0","0","0","0","0","0","0","0","0","0","0","0","0","0","0","0","0","0","0","0","0","3.1","0.08","1.55"
"Jalin Hyatt","NYG","1","WR","0","0","0","0","0","0","0","0","0","0","0","0","0","0","0","0","0","0","0","0","0","0","0","0","0","0","0","0","0","0","0","0","0","0","0","0","0","0","0","0","0","0","0","0","0","0","0",""
"Malik Heath","GB","3","WR","1","1","0","37","0","0","0","0","100","37","37","37","0","0","0","0","0","0","0","0","0","0","0","0","0","0","0","0","0","0","0","0","0","0","0","0","0","0","0","0","0","0","0","0","0","4.7","0.09","4.7"
"Tez Johnson","TB","2","WR","2","0","0","0","0","0","0","0","0","21.5","0","0","0","0","0","0","0","0","0","0","0","0","0","0","0","0","0","0","0","0","0","0","0","0","0","0","0","0","0","0","0","0","0","0","0","0","0",""
"LaJohntay Wester","BLT","1","WR","0","0","0","0","0","0","0","0","0","0","0","0","0","0","0","0","0","0","0","0","0","0","0","0","0","0","0","0","0","0","0","0","0","0","0","0","0","0","0","0","0","0","0","0","0","0","0",""
"Myles Price","MIN","1","WR","0","0","0","0","0","0","0","0","0","0","0","0","0","0","0","0","0","0","0","0","0","0","0","0","0","0","0","0","0","0","0","0","0","0","0","0","0","0","0","0","0","0","0","0","0","0","0",""
"Savion Williams","GB","3","WR","1","1","0","1","0","0","0","0","100","-4","1","1","5","1","1","0","100","100","0","0","0","0","0","0","4","0","23","0","0","0","5.75","1.5","1","0.25","0","0","0","0","0","0","0","0","0","0","0","3.4","0.17","0.68"
"Marvin Mims Jr.","DEN","3","WR","10","6","0","40","0","1","0","0","60","15.3","4","6.67","3.17","4","1","1","40","16.7","100","2","1","20","16.7","100","0","0","0","0","0","0","0","0","0","0","0","0","0","0","0","0","0","0","0","0","0","16","0.19","2.67"
"Tre Harris","LAC","3","WR","5","3","0","45","0","0","0","0","60","14","9","15","5","1","0","0","20","0","0","0","0","0","0","0","0","0","0","0","0","0","0","0","0","0","0","0","0","0","0","0","0","0","0","0","0","7.5","0.16","2.5"
"Jaylin Lane","WAS","3","WR","8","3","0","11","0","0","0","1","37.5","10.38","1.38","3.67","3","2","0","0","25","0","0","2","0","25","0","0","0","0","0","0","0","0","0","0","0","0","0","0","0","0","0","0","0","0","0","0","0","4.1","0.06","1.37"
"Jason Brownlee","KC","3","WR","1","0","0","0","0","0","0","0","0","14","0","0","0","1","0","0","100","0","0","1","0","100","0","0","0","0","0","0","0","0","0","0","0","0","0","0","0","0","0","0","0","0","0","0","0","0","0",""
"Xavier Smith","LA","2","WR","1","1","0","36","0","0","0","0","100","36","36","36","0","1","1","0","100","100","0","0","0","0","0","0","0","0","0","0","0","0","0","0","0","0","0","0","0","0","0","0","0","0","0","0","0","4.6","1.53","4.6"
"Ricky Pearsall","SF","3","WR","23","16","1","281","2","0","0","0","69.6","16.57","12.22","17.56","1.63","4","2","0","17.4","12.5","0","1","0","4.3","0","0","1","0","-4","0","0","0","-4","5","1","1","0","0","0","0","0","0","0","0","0","0","0","43.7","0.23","2.57"
"Devaughn Vele","NO","2","WR","3","2","0","16","0","1","0","0","66.7","9.67","5.33","8","0","3","2","1","100","100","100","2","1","66.7","50","100","0","0","0","0","0","0","0","0","0","0","0","0","0","0","0","0","0","0","0","0","0","9.6","0.23","4.8"
"Puka Nacua","LA","3","WR","35","29","0","333","2","0","0","0","82.9","8.03","9.51","11.48","4.38","4","2","0","11.4","6.9","0","0","0","0","0","0","3","1","52","0","1","1","17.33","16.33","1","0.33","0","0","0","0","0","0","0","0","0","0","0","73.5","0.53","2.3"
"Xavier Legette","CAR","2","WR","12","4","0","8","0","0","0","0","33.3","8.92","0.67","2","0","4","0","0","33.3","0","0","2","0","16.7","0","0","1","0","0","0","0","0","0","2","0","0","0","0","0","0","0","0","0","0","0","0","0","4.8","0.04","0.96"
"Garrett Wilson","NYJ","3","WR","27","21","0","229","0","2","0","1","77.8","8.96","8.48","10.9","2.71","4","3","2","14.8","14.3","100","0","0","0","0","0","0","0","0","0","0","0","0","0","0","0","1","0","0","0","0","0","0","0","0","0","1","55.9","0.32","2.66"
"Zay Flowers","BLT","3","WR","22","16","0","231","1","1","0","0","72.7","10.27","10.5","14.44","8.19","3","1","0","13.6","6.3","0","1","0","4.5","0","0","3","0","12","0","0","0","4","4.33","1","0.33","0","0","0","0","0","0","0","0","0","0","1","46.3","0.33","2.44"
"Anthony Gould","IND","1","WR","0","0","0","0","0","0","0","0","0","0","0","0","0","0","0","0","0","0","0","0","0","0","0","0","0","0","0","0","0","0","0","0","0","0","0","0","0","0","0","0","0","0","0","0","0","0","0",""
"Drake London","ATL","3","WR","25","16","0","159","0","0","0","0","64","7.72","6.36","9.94","3.44","3","0","0","12","0","0","2","0","8","0","0","0","0","0","0","0","0","0","0","0","0","1","0","0","0","0","0","0","0","0","0","0","31.9","0.18","1.99"
"Chris Olave","NO","3","WR","36","23","0","165","0","0","0","0","63.9","9.11","4.58","7.17","2.26","10","3","0","27.8","13","0","4","0","11.1","0","0","0","0","0","0","0","0","0","0","0","0","0","0","0","0","0","0","0","0","0","0","0","39.5","0.2","1.72"
"Kevin Austin Jr.","NO","1","WR","1","0","0","0","0","0","0","0","0","22","0","0","0","0","0","0","0","0","0","0","0","0","0","0","0","0","0","0","0","0","0","0","0","0","0","0","0","0","0","0","0","0","0","0","0","0","0",""
"Romeo Doubs","GB","3","WR","11","7","1","121","0","1","0","0","63.6","16.18","11","17.29","5.57","3","1","1","27.3","14.3","100","1","1","9.1","14.3","100","0","0","0","0","0","0","0","0","0","0","0","0","0","0","0","0","0","0","0","0","0","25.1","0.18","3.59"
"Rashod Bateman","BLT","3","WR","14","9","0","88","0","1","0","0","64.3","11.36","6.29","9.78","1.56","3","2","1","21.4","22.2","100","1","1","7.1","11.1","100","0","0","0","0","0","0","0","0","0","0","0","0","0","0","0","0","0","0","0","0","0","23.8","0.23","2.64"
"Jalen Nailor","MIN","3","WR","11","7","0","96","0","0","0","0","63.6","15","8.73","13.71","3.43","2","1","0","18.2","14.3","0","0","0","0","0","0","0","0","0","0","0","0","0","0","0","0","0","0","0","0","0","0","0","0","0","0","0","16.6","0.11","2.37"
"Bryce Oliver","TEN","2","WR","1","1","0","8","0","0","0","0","100","6","8","8","2","0","0","0","0","0","0","0","0","0","0","0","0","0","0","0","0","0","0","0","0","0","0","0","0","0","0","0","0","0","0","0","0","1.8","0.16","1.8"
"Ryan Miller","TB","3","WR","3","1","0","20","0","1","0","0","33.3","19","6.67","20","0","3","1","1","100","100","100","1","1","33.3","100","100","0","0","0","0","0","0","0","0","0","0","0","0","0","0","0","0","0","0","0","0","0","9","0.2","9"
"Tyquan Thornton","KC","3","WR","18","9","1","171","0","2","1","0","50","25.22","9.5","19","2.33","7","4","2","38.9","44.4","100","2","2","11.1","22.2","100","0","0","0","0","0","0","0","0","0","0","0","0","0","0","0","0","0","0","0","0","0","38.1","0.26","4.23"
"Dyami Brown","JAX","3","WR","14","10","0","116","0","1","0","3","71.4","12.21","8.29","11.6","2.2","4","1","1","28.6","10","100","2","1","14.3","10","100","3","0","15","0","0","0","5","1.67","0","0","0","0","0","0","0","0","0","0","0","0","0","29.1","0.23","2.24"
"Rome Odunze","CHI","3","WR","25","16","0","227","1","4","0","2","64","12.92","9.08","14.19","4","7","5","3","28","31.3","75","3","2","12","12.5","50","0","0","0","0","0","0","0","0","0","0","0","0","0","0","0","0","0","0","0","0","0","62.7","0.34","3.92"
"Tim Jones","MIN","2","WR","0","0","0","0","0","0","0","0","0","0","0","0","0","0","0","0","0","0","0","0","0","0","0","0","0","0","0","0","0","0","0","0","0","0","0","0","0","0","0","0","0","0","0","0","0","0","0",""
"Jalen Tolbert","DAL","3","WR","12","6","0","40","0","0","0","1","50","7.83","3.33","6.67","2","3","0","0","25","0","0","3","0","25","0","0","0","0","0","0","0","0","0","0","0","0","0","0","0","0","0","0","0","0","0","1","1","10","0.07","1.67"
"Bo Melton","GB","1","WR","0","0","0","0","0","0","0","0","0","0","0","0","0","0","0","0","0","0","0","0","0","0","0","0","0","0","0","0","0","0","0","0","0","0","0","0","0","0","0","0","0","0","0","0","0","0","0",""
"CeeDee Lamb","DAL","3","WR","24","16","0","222","2","0","0","5","66.7","12.58","9.25","13.88","3.69","4","2","0","16.7","12.5","0","0","0","0","0","0","0","0","0","0","0","0","0","0","0","0","0","0","0","0","0","0","0","0","0","0","0","38.2","0.26","2.39"
"Calvin Austin III","PIT","3","WR","13","8","0","126","0","2","0","0","61.5","16.15","9.69","15.75","3","5","3","2","38.5","37.5","100","2","2","15.4","25","100","0","0","0","0","0","0","0","0","0","0","0","0","0","0","0","0","0","0","0","0","0","32.6","0.23","4.08"
"Justin Jefferson","MIN","3","WR","20","12","1","200","0","1","0","2","60","11.25","10","16.67","6.58","7","3","1","35","25","100","2","1","10","8.3","100","1","0","4","0","0","0","4","3","0","0","0","0","0","0","0","0","0","0","0","0","0","38.4","0.26","2.95"
"A.J. Brown","PHI","3","WR","19","12","0","144","1","1","0","0","63.2","9.89","7.58","12","3.42","3","2","1","15.8","16.7","100","2","1","10.5","8.3","100","0","0","0","0","0","0","0","0","0","0","0","0","0","0","0","0","0","0","0","0","0","32.4","0.19","2.7"
"Allen Lazard","NYJ","2","WR","3","2","0","13","0","1","0","0","66.7","7","4.33","6.5","2.5","2","1","1","66.7","50","100","2","1","66.7","50","100","0","0","0","0","0","0","0","0","0","0","0","0","0","0","0","0","0","0","0","0","0","9.3","0.24","4.65"
"Trent Sherfield","DEN","3","WR","2","2","0","6","0","0","0","0","100","1","3","3","2","1","1","0","50","50","0","0","0","0","0","0","0","0","0","0","0","0","0","0","0","0","0","0","0","0","0","0","0","0","0","0","0","2.6","0.04","1.3"
"D.K. Metcalf","PIT","3","WR","18","10","0","135","0","2","0","2","55.6","7.94","7.5","13.5","9.7","4","3","2","22.2","30","100","2","2","11.1","20","100","0","0","0","0","0","0","0","0","0","0","0","0","0","0","0","0","0","0","0","0","0","35.5","0.22","3.55"
"Nick Westbrook-Ikhine","MIA","3","WR","3","3","0","25","0","0","0","0","100","6.67","8.33","8.33","1.67","0","0","0","0","0","0","0","0","0","0","0","0","0","0","0","0","0","0","0","0","0","0","0","0","0","0","0","0","0","0","0","0","5.5","0.11","1.83"
"Scott Miller","PIT","3","WR","0","0","0","0","0","0","0","0","0","0","0","0","0","0","0","0","0","0","0","0","0","0","0","0","0","0","0","0","0","0","0","0","0","0","0","0","0","0","0","0","0","0","0","0","0","0","0",""
"D'Wayne Eskridge","MIA","3","WR","3","2","0","17","0","0","0","0","66.7","11","5.67","8.5","0.5","0","0","0","0","0","0","0","0","0","0","0","0","0","0","0","0","0","0","0","0","0","0","0","0","0","0","0","0","0","0","0","0","3.7","0.18","1.85"
"Michael Pittman Jr.","IND","3","WR","19","16","0","193","0","2","0","1","84.2","6.26","10.16","12.06","4.81","5","4","2","26.3","25","100","0","0","0","0","0","0","0","0","0","0","0","0","0","0","0","0","0","0","0","0","0","0","0","0","0","0","47.3","0.29","2.96"
"KhaDarel Hodge","ATL","3","WR","1","0","0","0","0","0","0","0","0","29","0","0","0","1","0","0","100","0","0","1","0","100","0","0","0","0","0","0","0","0","0","0","0","0","0","0","0","0","0","0","0","0","0","0","0","0","0",""
"Noah Brown","WAS","2","WR","7","3","0","36","0","0","0","1","42.9","14.86","5.14","12","2.67","2","0","0","28.6","0","0","1","0","14.3","0","0","0","0","0","0","0","0","0","0","0","0","0","0","0","0","0","0","0","0","0","0","0","6.6","0.11","2.2"
"David Moore","CAR","3","WR","1","1","0","5","0","0","0","0","100","5","5","5","0","0","0","0","0","0","0","0","0","0","0","0","0","0","0","0","0","0","0","0","0","0","0","0","0","0","0","0","0","0","0","0","0","1.5","0.02","1.5"
"Mack Hollins","NE","3","WR","8","6","0","38","0","1","0","0","75","6.63","4.75","6.33","0.83","1","1","1","12.5","16.7","100","1","1","12.5","16.7","100","0","0","0","0","0","0","0","0","0","0","0","0","0","0","0","0","0","0","0","0","0","15.8","0.13","2.63"
"JuJu Smith-Schuster","KC","3","WR","12","10","0","115","0","0","0","0","83.3","5.08","9.58","11.5","6.6","2","1","0","16.7","10","0","0","0","0","0","0","0","0","0","0","0","0","0","0","0","0","0","0","0","0","0","0","0","0","0","0","0","21.5","0.15","2.15"
"Tyreek Hill","MIA","3","WR","23","15","1","198","1","1","0","1","65.2","14.83","8.61","13.2","2.27","4","3","1","17.4","20","100","1","1","4.3","6.7","100","0","0","0","0","0","0","0","0","0","0","0","0","0","0","0","0","0","0","0","0","0","40.8","0.31","2.72"
"Chris Moore","WAS","2","WR","3","3","0","59","0","0","0","0","100","16.67","19.67","19.67","3","0","0","0","0","0","0","0","0","0","0","0","0","0","0","0","0","0","0","0","0","0","0","0","0","0","0","0","0","0","0","0","0","8.9","0.17","2.97"
"Keenan Allen","LAC","3","WR","27","19","0","194","0","3","0","2","70.4","9.63","7.19","10.21","2.42","7","5","3","25.9","26.3","100","4","3","14.8","15.8","100","0","0","0","0","0","0","0","0","0","0","0","0","0","0","0","0","0","0","0","0","0","56.4","0.44","2.97"
"Dylan Sampson","CLV","3","RB","11","11","0","77","0","1","0","0","100","-1.55","7","7","9","1","1","1","9.1","9.1","100","1","1","9.1","9.1","100","17","0","37","0","0","0","2.18","2.18","1","0.06","0","2","0","11.8","0","0","0","0","0","0","0","28.4","0.51","1.01"
"Omarion Hampton","LAC","3","RB","10","9","0","73","0","0","0","0","90","-0.2","7.3","8.11","8.67","0","0","0","0","0","0","0","0","0","0","0","42","0","142","0","1","0","3.38","2.9","13","0.31","1","10","1","23.8","100","4","1","9.5","100","0","0","36.5","0.23","0.72"
"LeQuint Allen","JAX","3","RB","2","2","0","13","0","0","0","0","100","-1","6.5","6.5","7.5","0","0","0","0","0","0","0","0","0","0","0","3","0","20","0","0","0","6.67","3.67","0","0","0","1","0","33.3","0","0","0","0","0","0","0","5.3","0.13","1.06"
"Ollie Gordon II","MIA","3","RB","2","2","0","4","0","0","0","0","100","-3.5","2","2","5.5","0","0","0","0","0","0","0","0","0","0","0","12","0","50","0","1","0","4.17","3.83","4","0.33","0","4","1","33.3","100","2","1","16.7","100","0","0","13.4","0.39","0.96"
"Trevor Etienne","CAR","3","RB","1","1","0","2","0","0","0","0","100","-3","2","2","5","0","0","0","0","0","0","0","0","0","0","0","1","0","4","0","0","0","4","2","0","0","0","0","0","0","0","0","0","0","0","0","0","1.6","0.27","0.8"
"Ashton Jeanty","LV","3","RB","6","5","0","3","0","0","0","0","83.3","-4.67","0.5","0.6","5.2","0","0","0","0","0","0","0","0","0","0","0","47","0","144","0","1","0","3.06","3.11","13","0.28","0","6","1","12.8","100","1","1","2.1","100","0","1","25.7","0.19","0.49"
"Quinshon Judkins","CLV","2","RB","4","4","0","11","0","0","0","0","100","0.75","2.75","2.75","2","0","0","0","0","0","0","0","0","0","0","0","28","0","155","0","1","0","5.54","5.14","4","0.14","0","4","1","14.3","100","2","1","7.1","100","0","0","26.6","0.48","0.83"
"Kaleb Johnson","PIT","2","RB","0","0","0","0","0","0","0","0","0","0","0","0","0","0","0","0","0","0","0","0","0","0","0","0","2","0","-1","0","0","0","-0.5","1.5","1","0.5","0","0","0","0","0","0","0","0","0","0","0","-0.1","-0.03","-0.05"
"Emanuel Wilson","GB","3","RB","0","0","0","0","0","0","0","0","0","0","0","0","0","0","0","0","0","0","0","0","0","0","0","0","7","0","29","0","0","0","4.14","2.57","1","0.14","0","0","0","0","0","0","0","0","0","0","0","2.9","0.13","0.41"
"Bhayshul Tuten","JAX","3","RB","3","2","0","32","0","1","0","0","66.7","-3.67","10.67","16","22","1","1","1","33.3","50","100","0","0","0","0","0","17","0","74","0","1","0","4.35","3.53","2","0.12","0","4","1","23.5","100","1","1","5.9","100","0","0","24.6","0.72","1.29"
"Cam Skattebo","NYG","3","RB","13","10","0","87","0","0","0","1","76.9","1.23","6.69","8.7","7.5","1","0","0","7.7","0","0","0","0","0","0","0","23","0","102","0","2","0","4.43","3.48","8","0.35","0","8","2","34.8","100","2","1","8.7","50","0","0","40.9","0.5","1.24"
"Nate Carter","ATL","2","RB","0","0","0","0","0","0","0","0","0","0","0","0","0","0","0","0","0","0","0","0","0","0","0","0","7","0","46","0","0","0","6.57","4.29","1","0.14","1","0","0","0","0","0","0","0","0","0","0","4.6","0.57","0.66"
"Raheim Sanders","CLV","1","RB","0","0","0","0","0","0","0","0","0","0","0","0","0","0","0","0","0","0","0","0","0","0","0","0","3","0","3","0","1","0","1","0.67","0","0","0","2","1","66.7","100","2","1","66.7","100","0","0","6.3","2.1","2.1"
"Braelon Allen","NYJ","3","RB","3","2","0","17","0","0","0","1","66.7","2.67","5.67","8.5","4.5","2","1","0","66.7","50","0","0","0","0","0","0","14","0","50","0","1","0","3.57","2.21","1","0.07","0","4","1","28.6","100","0","0","0","0","0","1","14.7","0.28","0.92"
"TreVeyon Henderson","NE","3","RB","11","11","0","73","0","0","0","0","100","-1","6.64","6.64","7.64","0","0","0","0","0","0","0","0","0","0","0","19","0","65","0","0","0","3.42","1.79","2","0.11","0","2","0","10.5","0","0","0","0","0","0","0","24.8","0.32","0.83"
"Bucky Irving","TB","3","RB","14","14","0","91","0","1","0","0","100","-2.64","6.5","6.5","9.14","2","2","1","14.3","14.3","100","0","0","0","0","0","56","0","174","0","0","0","3.11","2.14","9","0.16","0","6","0","10.7","0","0","0","0","0","0","0","46.5","0.3","0.66"
"Cooper DeJean","PHI","2","RB","0","0","0","0","0","0","0","0","0","0","0","0","0","0","0","0","0","0","0","0","0","0","0","0","0","0","0","0","0","0","0","0","0","0","0","0","0","0","0","0","0","0","0","0","0","0","0",""
"DJ Giddens","IND","3","RB","1","0","0","0","0","0","0","0","0","-6","0","0","0","1","0","0","100","0","0","0","0","0","0","0","13","0","44","0","0","0","3.38","2.15","1","0.08","0","2","0","15.4","0","1","0","7.7","0","0","0","4.4","0.14","0.34"
"Devin Neal","NO","1","RB","0","0","0","0","0","0","0","0","0","0","0","0","0","0","0","0","0","0","0","0","0","0","0","0","2","0","9","0","0","0","4.5","1.5","0","0","0","0","0","0","0","0","0","0","0","0","0","0.9","0.13","0.45"
"Will Shipley","PHI","1","RB","0","0","0","0","0","0","0","0","0","0","0","0","0","0","0","0","0","0","0","0","0","0","0","0","3","0","26","0","0","0","8.67","3.67","0","0","0","0","0","0","0","0","0","0","0","0","0","2.6","0.52","0.87"
"Brashard Smith","KC","3","RB","2","0","0","0","0","0","0","0","0","0","0","0","0","1","0","0","50","0","0","0","0","0","0","0","3","0","15","0","0","0","5","5","1","0.33","0","0","0","0","0","0","0","0","0","0","0","1.5","0.07","0.5"
"Isaiah Davis","NYJ","3","RB","3","1","0","6","0","0","0","1","33.3","8","2","6","6","0","0","0","0","0","0","0","0","0","0","0","2","0","18","0","0","0","9","4.5","2","1","0","1","0","50","0","0","0","0","0","0","0","3.4","0.13","1.13"
"Trey Benson","ARZ","3","RB","9","8","0","45","0","0","0","0","88.9","1.56","5","5.63","5.38","4","3","0","44.4","37.5","0","1","0","11.1","0","0","21","1","125","0","0","0","5.95","4.05","7","0.33","0","3","0","14.3","0","1","0","4.8","0","0","0","25","0.29","0.86"
"Rachaad White","TB","3","RB","4","4","0","5","0","0","0","0","100","-4.5","1.25","1.25","5.75","0","0","0","0","0","0","0","0","0","0","0","17","0","91","0","1","0","5.35","4.06","5","0.29","0","2","1","11.8","100","1","1","5.9","100","0","0","19.6","0.33","0.93"
"Kyle Monangai","CHI","3","RB","4","3","0","23","0","0","0","0","75","2","5.75","7.67","5.67","2","2","0","50","66.7","0","0","0","0","0","0","13","0","44","0","0","0","3.38","1.54","7","0.54","0","2","0","15.4","0","0","0","0","0","0","0","9.7","0.18","0.61"
"Blake Corum","LA","3","RB","1","1","0","14","0","0","0","0","100","-2","14","14","16","0","0","0","0","0","0","0","0","0","0","0","14","0","99","0","1","0","7.07","3.5","1","0.07","0","4","1","28.6","100","1","1","7.1","100","0","0","18.3","0.42","1.22"
"De'Von Achane","MIA","3","RB","24","18","0","141","0","2","0","1","75","-0.29","5.88","7.83","10.28","1","1","1","4.2","5.6","50","0","0","0","0","0","30","0","147","0","0","0","4.9","3.23","8","0.27","0","2","0","6.7","0","0","0","0","0","0","0","58.8","0.44","1.22"
"Woody Marks","HST","3","RB","3","2","0","46","0","0","0","0","66.7","1","15.33","23","19.5","0","0","0","0","0","0","0","0","0","0","0","12","0","44","0","0","0","3.67","2.75","1","0.08","0","1","0","8.3","0","0","0","0","0","0","0","11","0.22","0.79"
"Tank Bigsby","PHI","1","RB","0","0","0","0","0","0","0","0","0","0","0","0","0","0","0","0","0","0","0","0","0","0","0","0","5","0","12","0","0","0","2.4","2.8","0","0","0","1","0","20","0","0","0","0","0","0","0","1.2","0.09","0.24"
"Tahj Brooks","CIN","1","RB","0","0","0","0","0","0","0","0","0","0","0","0","0","0","0","0","0","0","0","0","0","0","0","0","5","0","17","0","0","0","3.4","2.2","1","0.2","0","0","0","0","0","0","0","0","0","0","0","1.7","0.17","0.34"
"Bijan Robinson","ATL","3","RB","18","14","1","164","1","1","1","2","77.8","-0.28","9.11","11.71","11.57","3","2","0","16.7","14.3","0","0","0","0","0","0","47","0","239","1","0","0","5.09","3.55","19","0.4","0","7","0","14.9","0","2","0","4.3","0","0","0","60.3","0.38","0.99"
"Kendre Miller","NO","3","RB","3","3","0","11","0","0","0","0","100","-2.67","3.67","3.67","6.33","0","0","0","0","0","0","0","0","0","0","0","17","0","59","0","0","0","3.47","3","7","0.41","0","1","0","5.9","0","0","0","0","0","0","0","10","0.24","0.5"
"Sean Tucker","TB","2","RB","0","0","0","0","0","0","0","0","0","0","0","0","0","0","0","0","0","0","0","0","0","0","0","0","1","0","2","0","0","0","2","1","0","0","0","0","0","0","0","0","0","0","0","0","0","0.2","0.07","0.2"
"Jahmyr Gibbs","DET","3","RB","19","18","0","73","0","0","0","0","94.7","-0.11","3.84","4.06","4.33","5","4","0","26.3","22.2","0","0","0","0","0","0","43","1","180","0","3","0","4.19","1.91","11","0.26","0","15","3","34.9","100","3","2","7","66.7","0","0","61.3","0.49","1"
"Rasheen Ali","BLT","1","RB","0","0","0","0","0","0","0","0","0","0","0","0","0","0","0","0","0","0","0","0","0","0","0","0","1","0","5","0","0","0","5","3","0","0","0","1","0","100","0","0","0","0","0","0","0","0.5","0.5","0.5"
"Julius Chestnut","TEN","3","RB","0","0","0","0","0","0","0","0","0","0","0","0","0","0","0","0","0","0","0","0","0","0","0","0","4","0","28","0","0","0","7","2.75","0","0","0","3","0","75","0","2","0","50","0","0","0","2.8","0.15","0.7"
"Jacory Croskey-Merritt","WAS","3","RB","3","1","0","5","0","0","0","0","33.3","-3.33","1.67","5","11","0","0","0","0","0","0","0","0","0","0","0","22","1","125","0","2","0","5.68","3.82","6","0.27","0","4","2","18.2","100","2","1","9.1","50","0","0","26","0.43","1.13"
"Tyler Goodson","IND","1","RB","0","0","0","0","0","0","0","0","0","0","0","0","0","0","0","0","0","0","0","0","0","0","0","0","2","0","6","0","0","0","3","2","0","0","0","0","0","0","0","0","0","0","0","0","0","0.6","0.15","0.3"
"Ray Davis","BUF","3","RB","2","1","0","-1","0","0","0","0","50","0.5","-0.5","-1","6","0","0","0","0","0","0","0","0","0","0","0","10","0","26","0","0","0","2.6","1.8","0","0","0","1","0","10","0","0","0","0","0","0","0","3.5","0.1","0.32"
"RJ Harvey","DEN","3","RB","5","5","0","29","0","0","0","0","100","-1","5.8","5.8","6.8","0","0","0","0","0","0","0","0","0","0","0","13","1","80","0","0","0","6.15","5.46","2","0.15","0","0","0","0","0","0","0","0","0","0","0","15.9","0.28","0.88"
"Jacardia Wright","SEA","1","RB","0","0","0","0","0","0","0","0","0","0","0","0","0","0","0","0","0","0","0","0","0","0","0","0","5","0","20","0","0","0","4","2.2","1","0.2","0","0","0","0","0","0","0","0","0","0","0","2","0.4","0.4"
"Jaylen Warren","PIT","3","RB","12","11","1","142","0","1","0","1","91.7","-1.58","11.83","12.91","14.09","1","1","1","8.3","9.1","100","0","0","0","0","0","43","0","132","0","0","0","3.07","2.81","14","0.33","0","12","0","27.9","0","4","0","9.3","0","0","0","44.4","0.43","0.82"
"Rhamondre Stevenson","NE","3","RB","11","10","1","138","0","0","0","0","90.9","3.18","12.55","13.8","10.8","0","0","0","0","0","0","0","0","0","0","0","22","0","87","0","0","0","3.95","3.91","7","0.32","2","4","0","18.2","0","2","0","9.1","0","1","1","32.5","0.29","1.02"
"Breece Hall","NYJ","3","RB","10","8","0","78","0","0","0","1","80","1.4","7.8","9.75","8.75","3","1","0","30","12.5","0","0","0","0","0","0","38","0","157","1","0","0","4.13","3.05","2","0.05","0","2","0","5.3","0","1","0","2.6","0","0","0","31.5","0.3","0.68"
"Zach Charbonnet","SEA","2","RB","0","0","0","0","0","0","0","0","0","0","0","0","0","0","0","0","0","0","0","0","0","0","0","0","27","0","57","0","1","0","2.11","2.04","3","0.11","0","6","1","22.2","100","2","1","7.4","100","0","0","11.7","0.18","0.43"
"Ulysses Bentley IV","IND","1","RB","0","0","0","0","0","0","0","0","0","0","0","0","0","0","0","0","0","0","0","0","0","0","0","0","1","0","0","0","0","0","0","1","0","0","0","0","0","0","0","0","0","0","0","0","0","0","0","0"
"Kenneth Walker III","SEA","3","RB","5","5","0","29","0","0","0","0","100","-2","5.8","5.8","7.8","0","0","0","0","0","0","0","0","0","0","0","39","0","163","1","3","0","4.18","2.85","8","0.21","0","9","3","23.1","100","2","2","5.1","66.7","0","0","42.2","0.57","0.96"
"Kyren Williams","LA","3","RB","6","5","0","35","0","1","0","1","83.3","-0.17","5.83","7","6.2","2","2","1","33.3","40","100","0","0","0","0","0","55","0","226","0","1","0","4.11","2.89","7","0.13","0","10","1","18.2","100","3","1","5.5","100","0","0","43.1","0.3","0.72"
"Craig Reynolds","DET","1","RB","0","0","0","0","0","0","0","0","0","0","0","0","0","0","0","0","0","0","0","0","0","0","0","0","3","0","4","0","0","0","1.33","1","0","0","0","0","0","0","0","0","0","0","0","0","0","0.4","0.13","0.13"
"Dylan Laube","LV","2","RB","2","2","0","17","0","0","0","0","100","-1.5","8.5","8.5","10","0","0","0","0","0","0","0","0","0","0","0","3","0","2","0","0","0","0.67","1","0","0","0","0","0","0","0","0","0","0","0","0","0","3.9","0.21","0.78"
"Jacob Saylors","DET","1","RB","0","0","0","0","0","0","0","0","0","0","0","0","0","0","0","0","0","0","0","0","0","0","0","0","0","0","0","0","0","0","0","0","0","0","0","0","0","0","0","0","0","0","0","0","0","0","0",""
"Tyrone Tracy","NYG","3","RB","10","8","0","54","0","0","0","1","80","-0.1","5.4","6.75","7.38","0","0","0","0","0","0","0","0","0","0","0","22","0","68","0","0","0","3.09","2.14","1","0.05","0","0","0","0","0","0","0","0","0","0","0","20.2","0.23","0.67"
"Isiah Pacheco","KC","3","RB","6","4","0","13","0","0","0","1","66.7","-3.17","2.17","3.25","5.25","0","0","0","0","0","0","0","0","0","0","0","25","0","92","0","0","0","3.68","2.72","3","0.12","0","3","0","12","0","0","0","0","0","0","0","14.5","0.14","0.5"
"Tyler Badie","DEN","3","RB","7","4","0","35","0","0","0","1","57.1","1.57","5","8.75","12","1","0","0","14.3","0","0","1","0","14.3","0","0","1","0","3","0","0","0","3","2","0","0","0","0","0","0","0","0","0","0","0","0","0","7.8","0.27","1.56"
"Hassan Haskins","LAC","3","RB","0","0","0","0","0","0","0","0","0","0","0","0","0","0","0","0","0","0","0","0","0","0","0","0","0","0","0","0","0","0","0","0","0","0","0","0","0","0","0","0","0","0","0","0","0","0","0",""
"Chris Rodriguez Jr.","WAS","1","RB","0","0","0","0","0","0","0","0","0","0","0","0","0","0","0","0","0","0","0","0","0","0","0","0","11","0","39","0","0","0","3.55","2.36","0","0","0","2","0","18.2","0","1","0","9.1","0","0","0","3.9","0.18","0.35"
"James Cook","BUF","3","RB","9","9","1","71","0","0","0","0","100","-0.44","7.89","7.89","8.33","1","1","0","11.1","11.1","0","0","0","0","0","0","53","1","284","2","4","1","5.36","3.74","11","0.21","1","12","3","22.6","75","4","3","7.5","75","0","0","68.5","0.56","1.1"
"Zamir White","LV","3","RB","5","3","0","19","0","0","0","0","60","-1","3.8","6.33","6.33","0","0","0","0","0","0","0","0","0","0","0","10","0","25","0","0","0","2.5","1.9","0","0","0","0","0","0","0","0","0","0","0","0","0","7.4","0.15","0.57"
"Dameon Pierce","HST","1","RB","1","0","0","0","0","0","0","1","0","-5","0","0","0","0","0","0","0","0","0","0","0","0","0","0","3","0","5","0","0","0","1.67","1","0","0","0","1","0","33.3","0","0","0","0","0","0","0","0.5","0.07","0.17"
"Chris Brooks","GB","3","RB","5","4","0","29","0","0","0","1","80","-1.6","5.8","7.25","9","1","1","0","20","25","0","0","0","0","0","0","1","0","1","0","0","0","1","2","0","0","0","0","0","0","0","0","0","0","0","0","0","7","0.23","1.4"
"Tyler Allgeier","ATL","3","RB","3","2","0","4","0","0","0","1","66.7","-0.33","1.33","2","0.5","1","1","0","33.3","50","0","0","0","0","0","0","27","0","104","0","1","0","3.85","2.37","1","0.04","0","6","1","22.2","100","2","1","7.4","100","0","0","18.8","0.4","0.65"
"Jerome Ford","CLV","3","RB","11","10","0","30","0","0","0","1","90.9","-1.64","2.73","3","4.4","1","1","0","9.1","10","0","0","0","0","0","0","12","0","39","0","0","0","3.25","2.67","1","0.08","0","2","0","16.7","0","2","0","16.7","0","0","0","16.9","0.17","0.77"
"Antonio Gibson","NE","3","RB","2","1","0","1","0","0","0","0","50","0.5","0.5","1","5","0","0","0","0","0","0","0","0","0","0","0","13","0","58","0","0","0","4.46","2.38","0","0","1","1","0","7.7","0","0","0","0","0","0","0","6.9","0.2","0.49"
"Javonte Williams","DAL","3","RB","13","13","0","59","0","0","0","0","100","-2.08","4.54","4.54","6.62","2","2","0","15.4","15.4","0","0","0","0","0","0","43","0","227","0","3","0","5.28","3.72","8","0.19","1","5","2","11.6","66.7","2","2","4.7","66.7","0","0","59.6","0.38","1.06"
"Chase Brown","CIN","3","RB","11","8","0","43","0","0","0","1","72.7","2.18","3.91","5.38","4.63","2","0","0","18.2","0","0","0","0","0","0","0","47","0","93","0","1","0","1.98","2.04","7","0.15","1","8","1","17","100","6","1","12.8","100","0","0","27.6","0.23","0.5"
"Emari Demercado","ARZ","2","RB","1","0","0","0","0","0","0","1","0","0","0","0","0","1","0","0","100","0","0","0","0","0","0","0","2","0","0","0","0","0","0","0.5","0","0","0","0","0","0","0","0","0","0","0","0","0","0","0","0"
"Kenneth Gainwell","PIT","3","RB","9","7","0","30","0","0","0","1","77.8","-2.11","3.33","4.29","7.29","0","0","0","0","0","0","0","0","0","0","0","16","0","55","0","1","0","3.44","2.56","2","0.13","1","2","1","12.5","100","2","1","12.5","100","0","0","21.5","0.31","0.93"
"George Holani","SEA","1","RB","2","2","0","15","0","0","0","0","100","-1","7.5","7.5","8.5","0","0","0","0","0","0","0","0","0","0","0","10","0","27","0","0","0","2.7","2.6","2","0.2","1","0","0","0","0","0","0","0","0","0","0","6.2","0.31","0.52"
"Jordan Mason","MIN","3","RB","3","3","0","15","0","0","0","0","100","-3.67","5","5","8.67","0","0","0","0","0","0","0","0","0","0","0","40","0","214","1","2","0","5.35","3.5","7","0.17","0","7","2","17.5","100","2","2","5","100","0","0","37.9","0.4","0.88"
"Jonathan Taylor","IND","3","RB","9","8","1","93","0","1","0","1","88.9","-1.22","10.33","11.63","13.25","1","1","1","11.1","12.5","100","0","0","0","0","0","60","2","338","2","3","1","5.63","4.35","16","0.27","0","16","2","26.7","66.7","5","2","8.3","66.7","0","0","75.1","0.46","1.1"
"Chuba Hubbard","CAR","3","RB","12","10","0","74","0","2","0","2","83.3","0.58","6.17","7.4","8.7","2","2","1","16.7","20","50","0","0","0","0","0","43","0","168","0","0","0","3.91","2.53","2","0.05","0","4","0","9.3","0","0","0","0","0","0","1","46.2","0.33","0.87"
"J.K. Dobbins","DEN","3","RB","6","4","0","14","0","0","0","1","66.7","-2.67","2.33","3.5","5.75","0","0","0","0","0","0","0","0","0","0","0","41","1","222","0","3","0","5.41","4.07","9","0.22","0","8","3","19.5","100","3","1","7.3","33.3","0","0","45.6","0.45","1.01"
"D'Andre Swift","CHI","3","RB","11","9","1","63","0","0","0","0","81.8","-2.64","5.73","7","10.44","0","0","0","0","0","0","0","0","0","0","0","42","0","149","0","1","0","3.55","2.26","5","0.12","1","5","1","11.9","100","1","1","2.4","100","0","0","36.2","0.28","0.71"
"Cam Akers","MIN","1","RB","1","0","0","0","0","0","0","1","0","-6","0","0","0","0","0","0","0","0","0","0","0","0","0","0","5","0","19","0","0","0","3.8","4.8","0","0","0","0","0","0","0","0","0","0","0","0","0","1.9","0.27","0.38"
"Travis Etienne Jr.","JAX","3","RB","7","5","0","31","0","1","0","1","71.4","-3.57","4.43","6.2","9.6","1","1","1","14.3","20","100","0","0","0","0","0","46","1","270","1","1","0","5.87","3.63","8","0.17","0","11","1","23.9","100","0","0","0","0","0","0","47.1","0.38","0.92"
"AJ Dillon","PHI","3","RB","0","0","0","0","0","0","0","0","0","0","0","0","0","0","0","0","0","0","0","0","0","0","0","0","6","0","29","0","0","0","4.83","3.83","2","0.33","0","1","0","16.7","0","0","0","0","0","0","0","2.9","0.13","0.48"
"Najee Harris","LAC","3","RB","3","3","0","25","0","0","0","0","100","3.33","8.33","8.33","5","0","0","0","0","0","0","0","0","0","0","0","15","0","61","0","0","0","4.07","3.67","2","0.13","0","1","0","6.7","0","0","0","0","0","0","0","11.6","0.27","0.64"
"Brian Robinson","SF","3","RB","3","2","0","3","0","0","0","0","66.7","-2","1","1.5","7","0","0","0","0","0","0","0","0","0","0","0","17","0","75","0","0","0","4.41","2.76","3","0.18","0","1","0","5.9","0","0","0","0","0","0","0","9.8","0.25","0.52"
"Zavier Scott","MIN","1","RB","1","1","0","20","0","0","0","0","100","-6","20","20","26","0","0","0","0","0","0","0","0","0","0","0","8","0","30","0","0","0","3.75","2.38","0","0","1","0","0","0","0","0","0","0","0","0","0","6","0.35","0.67"
"Josh Jacobs","GB","3","RB","10","6","0","48","0","0","0","0","60","-2.8","4.8","8","10.33","0","0","0","0","0","0","0","0","0","0","0","58","0","180","0","2","0","3.1","2.84","9","0.16","0","15","2","25.9","100","4","2","6.9","100","0","0","40.8","0.3","0.64"
"Justice Hill","BLT","3","RB","9","7","0","66","0","0","0","1","77.8","0.67","7.33","9.43","10.29","0","0","0","0","0","0","0","0","0","0","0","5","0","-7","0","0","0","-1.4","-0.8","0","0","1","1","0","20","0","0","0","0","0","0","0","12.9","0.17","1.07"
"Saquon Barkley","PHI","3","RB","12","10","0","39","0","0","0","2","83.3","-1.5","3.25","3.9","5.2","2","2","0","16.7","20","0","0","0","0","0","0","58","0","194","0","2","0","3.34","2.1","5","0.09","0","12","2","20.7","100","5","0","8.6","0","0","0","45.3","0.28","0.67"
"Nick Chubb","HST","3","RB","6","5","0","31","0","0","0","0","83.3","-0.83","5.17","6.2","8","1","1","0","16.7","20","0","0","0","0","0","0","34","0","141","0","1","0","4.15","2.12","6","0.18","0","2","0","5.9","0","1","0","2.9","0","0","0","28.2","0.31","0.72"
"Ty Johnson","BUF","3","RB","4","1","0","8","0","0","0","2","25","4","2","8","6","2","0","0","50","0","0","1","0","25","0","0","7","0","43","0","0","0","6.14","2.86","0","0","0","0","0","0","0","0","0","0","0","0","0","6.1","0.1","0.76"
"David Montgomery","DET","3","RB","6","6","0","35","0","0","0","0","100","0.17","5.83","5.83","5.67","1","1","0","16.7","16.7","0","0","0","0","0","0","34","1","233","1","3","0","6.85","4.82","6","0.18","0","8","2","23.5","66.7","4","2","11.8","66.7","0","0","50.8","0.7","1.27"
"Rico Dowdle","CAR","3","RB","5","4","0","22","0","0","0","1","80","-1","4.4","5.5","6.75","0","0","0","0","0","0","0","0","0","0","0","19","0","51","0","1","0","2.68","1.89","2","0.11","0","6","1","31.6","100","3","1","15.8","100","0","1","17.3","0.25","0.75"
"Miles Sanders","DAL","3","RB","6","6","0","13","0","0","0","0","100","-1","2.17","2.17","3.17","1","1","0","16.7","16.7","0","0","0","0","0","0","18","1","109","0","1","0","6.06","3","3","0.17","1","6","1","33.3","100","1","1","5.6","100","0","0","24.2","0.42","1.01"
"Devin Singletary","NYG","3","RB","1","1","0","-4","0","0","0","0","100","-6","-4","-4","2","0","0","0","0","0","0","0","0","0","0","0","8","0","24","0","0","0","3","2.25","1","0.13","0","0","0","0","0","0","0","0","0","0","0","3","0.1","0.33"
"Jeff Wilson Jr.","MIA","1","RB","0","0","0","0","0","0","0","0","0","0","0","0","0","0","0","0","0","0","0","0","0","0","0","0","0","0","0","0","0","0","0","0","0","0","0","0","0","0","0","0","0","0","0","0","0","0","0",""
"Tony Pollard","TEN","3","RB","5","3","0","43","0","0","0","1","60","-1.2","8.6","14.33","14","0","0","0","0","0","0","0","0","0","0","0","54","0","197","0","1","0","3.65","2.74","8","0.15","1","6","1","11.1","100","1","1","1.9","100","0","0","33","0.19","0.58"
"Dare Ogunbowale","HST","2","RB","2","2","0","17","0","0","0","0","100","2.5","8.5","8.5","6","0","0","0","0","0","0","0","0","0","0","0","2","0","9","0","0","0","4.5","5.5","1","0.5","1","0","0","0","0","0","0","0","0","0","0","4.6","0.17","1.15"
"Austin Ekeler","WAS","2","RB","7","5","0","38","0","0","0","0","71.4","1.43","5.43","7.6","10","1","0","0","14.3","0","0","0","0","0","0","0","14","0","43","0","0","0","3.07","2.36","0","0","0","2","0","14.3","0","0","0","0","0","0","0","13.1","0.19","0.69"
"Aaron Jones","MIN","2","RB","4","3","0","44","0","1","0","1","75","4","11","14.67","7.67","1","1","1","25","33.3","100","0","0","0","0","0","13","0","46","0","0","0","3.54","2.54","1","0.08","0","0","0","0","0","0","0","0","0","0","0","18","0.38","1.13"
"Jeremy McNichols","WAS","3","RB","0","0","0","0","0","0","0","0","0","0","0","0","0","0","0","0","0","0","0","0","0","0","0","0","8","1","103","0","1","1","12.88","11","4","0.5","0","0","0","0","0","0","0","0","0","0","0","16.3","0.37","2.04"
"Samaje Perine","CIN","3","RB","2","2","0","6","0","0","0","0","100","1","3","3","2","1","1","0","50","50","0","0","0","0","0","0","4","0","21","0","0","0","5.25","3.5","0","0","1","0","0","0","0","0","0","0","0","0","0","4.7","0.1","0.78"
"James Conner","ARZ","3","RB","9","8","0","38","0","1","0","0","88.9","-0.78","4.22","4.75","8.75","2","1","1","22.2","12.5","100","1","0","11.1","0","0","32","0","95","0","1","0","2.97","2.16","8","0.25","1","5","1","15.6","100","3","1","9.4","100","0","0","33.3","0.36","0.83"
"Kareem Hunt","KC","3","RB","5","4","0","23","0","0","0","0","80","-1.8","4.6","5.75","8","0","0","0","0","0","0","0","0","0","0","0","23","0","81","0","1","0","3.52","2.52","2","0.09","1","3","1","13","100","1","1","4.3","100","0","0","20.4","0.26","0.76"
"Alvin Kamara","NO","3","RB","10","9","0","47","0","0","0","0","90","0.9","4.7","5.22","7.44","1","0","0","10","0","0","0","0","0","0","0","50","0","186","0","1","0","3.72","2.38","8","0.16","1","6","1","12","100","1","0","2","0","0","0","38.3","0.22","0.65"
"Christian McCaffrey","SF","3","RB","31","25","0","213","0","1","0","2","80.6","2.81","6.87","8.52","6.2","7","4","1","22.6","16","100","1","1","3.2","4","100","52","0","176","0","0","0","3.38","2.42","9","0.17","0","13","0","25","0","2","0","3.8","0","0","0","69.9","0.41","0.91"
"Derrick Henry","BLT","3","RB","2","2","0","20","0","0","0","0","100","1","10","10","9","0","0","0","0","0","0","0","0","0","0","0","41","2","242","1","3","1","5.9","3.73","4","0.1","3","5","0","12.2","0","4","0","9.8","0","0","0","46.2","0.51","1.07"
"Jalen Ramsey","PIT","2","RB","0","0","0","0","0","0","0","0","0","0","0","0","0","0","0","0","0","0","0","0","0","0","0","0","0","0","0","0","0","0","0","0","0","0","0","0","0","0","0","0","0","0","0","0","0","0","0",""
"Robbie Ouzts","SEA","3","RB","0","0","0","0","0","0","0","0","0","0","0","0","0","0","0","0","0","0","0","0","0","0","0","0","0","0","0","0","0","0","0","0","0","0","0","0","0","0","0","0","0","0","0","0","0","0","0",""
"Adin Huntington","CLV","3","RB","0","0","0","0","0","0","0","0","0","0","0","0","0","0","0","0","0","0","0","0","0","0","0","0","0","0","0","0","0","0","0","0","0","0","0","0","0","0","0","0","0","0","0","0","0","0","0",""
"Hunter Luepke","DAL","3","RB","0","0","0","0","0","0","0","0","0","0","0","0","0","0","0","0","0","0","0","0","0","0","0","0","0","0","0","0","0","0","0","0","0","0","0","0","0","0","0","0","0","0","0","0","0","0","0",""
"Scott Matlock","LAC","3","RB","0","0","0","0","0","0","0","0","0","0","0","0","0","0","0","0","0","0","0","0","0","0","0","0","0","0","0","0","0","0","0","0","0","0","0","0","0","0","0","0","0","0","0","0","0","0","0",""
"Brady Russell","SEA","1","RB","0","0","0","0","0","0","0","0","0","0","0","0","0","0","0","0","0","0","0","0","0","0","0","0","0","0","0","0","0","0","0","0","0","0","0","0","0","0","0","0","0","0","0","0","0","0","0",""
"Andrew Beck","NYJ","3","RB","0","0","0","0","0","0","0","0","0","0","0","0","0","0","0","0","0","0","0","0","0","0","0","0","0","0","0","0","0","0","0","0","0","0","0","0","0","0","0","0","0","0","0","0","0","0","0",""
"Reggie Gilliam","BUF","3","RB","0","0","0","0","0","0","0","0","0","0","0","0","0","0","0","0","0","0","0","0","0","0","0","0","0","0","0","0","0","0","0","0","0","0","0","0","0","0","0","0","0","0","0","0","0","0","0",""
"Adam Prentice","DEN","3","RB","1","1","0","4","0","0","0","0","100","0","4","4","4","0","0","0","0","0","0","0","0","0","0","0","0","0","0","0","0","0","0","0","0","0","0","0","0","0","0","0","0","0","0","0","0","1.4","0.05","1.4"
"Alec Ingold","MIA","3","RB","4","3","0","14","0","0","0","0","75","5","3.5","4.67","1.67","0","0","0","0","0","0","0","0","0","0","0","0","0","0","0","0","0","0","0","0","0","0","0","0","0","0","0","0","0","0","0","0","4.4","0.08","1.47"
"Jakob Johnson","HST","3","RB","0","0","0","0","0","0","0","0","0","0","0","0","0","0","0","0","0","0","0","0","0","0","0","0","0","0","0","0","0","0","0","0","0","0","0","0","0","0","0","0","0","0","0","0","0","0","0",""
"Kyle Juszczyk","SF","3","RB","4","4","0","38","0","1","0","0","100","7","9.5","9.5","3","3","3","1","75","75","100","1","1","25","25","100","0","0","0","0","0","0","0","0","0","0","0","0","0","0","0","0","0","0","0","0","0","13.8","0.2","3.45"
"Brock Bowers","LV","3","TE","20","14","0","179","1","0","0","1","70","9.1","8.95","12.79","6.29","4","1","0","20","7.1","0","2","0","10","0","0","0","0","0","0","0","0","0","0","0","0","0","0","0","0","0","0","0","0","0","1","1","31.9","0.23","2.28"
"Gunnar Helm","TEN","3","TE","7","6","0","52","0","0","0","0","85.7","5.14","7.43","8.67","5.33","1","0","0","14.3","0","0","0","0","0","0","0","0","0","0","0","0","0","0","0","0","0","0","0","0","0","0","0","0","0","0","0","0","11.2","0.16","1.87"
"Shane Zylstra","DET","1","TE","0","0","0","0","0","0","0","0","0","0","0","0","0","0","0","0","0","0","0","0","0","0","0","0","0","0","0","0","0","0","0","0","0","0","0","0","0","0","0","0","0","0","0","0","0","0","0",""
"Andrew Ogletree","IND","3","TE","0","0","0","0","0","0","0","0","0","0","0","0","0","0","0","0","0","0","0","0","0","0","0","0","0","0","0","0","0","0","0","0","0","0","0","0","0","0","0","0","0","0","0","0","0","0","0",""
"Tyler Warren","IND","3","TE","21","14","1","193","0","0","0","1","66.7","5.19","9.19","13.79","9.43","5","2","0","23.8","14.3","0","1","0","4.8","0","0","2","0","3","0","0","0","1.5","2","0","0","0","0","0","0","0","0","0","0","0","0","0","33.6","0.21","2.1"
"Theo Johnson","NYG","3","TE","9","6","0","49","0","0","0","1","66.7","4.22","5.44","8.17","4.33","3","1","0","33.3","16.7","0","0","0","0","0","0","0","0","0","0","0","0","0","0","0","0","0","0","0","0","0","0","0","0","0","0","0","10.9","0.07","1.82"
"Tip Reiman","ARZ","2","TE","4","3","0","18","0","0","0","0","75","3.75","4.5","6","3","1","0","0","25","0","0","0","0","0","0","0","0","0","0","0","0","0","0","0","0","0","0","0","0","0","0","0","0","0","0","0","0","4.8","0.07","1.6"
"Brenton Strange","JAX","3","TE","16","13","0","137","0","0","0","1","81.3","6.63","8.56","10.54","4.46","2","1","0","12.5","7.7","0","0","0","0","0","0","0","0","0","0","0","0","0","0","0","0","0","0","0","0","0","0","0","0","0","0","0","26.7","0.15","2.05"
"Luke Musgrave","GB","3","TE","3","3","0","36","0","0","0","0","100","8.33","12","12","3.67","0","0","0","0","0","0","0","0","0","0","0","0","0","0","0","0","0","0","0","0","0","0","0","0","0","0","0","0","0","0","0","0","6.6","0.13","2.2"
"Dalton Kincaid","BUF","3","TE","16","13","0","151","0","2","0","0","81.3","7.31","9.44","11.62","6.31","4","2","2","25","15.4","100","3","1","18.8","7.7","50","0","0","0","0","0","0","0","0","0","0","1","0","0","0","0","0","0","0","0","0","1","40.1","0.36","3.08"
"Nate Adkins","DEN","1","TE","0","0","0","0","0","0","0","0","0","0","0","0","0","0","0","0","0","0","0","0","0","0","0","0","0","0","0","0","0","0","0","0","0","0","0","0","0","0","0","0","0","0","0","0","0","0","0",""
"Jack Westover","NE","3","TE","0","0","0","0","0","0","0","0","0","0","0","0","0","0","0","0","0","0","0","0","0","0","0","0","0","0","0","0","0","0","0","0","0","0","0","0","0","0","0","0","0","0","0","0","0","0","0",""
"Payne Durham","TB","3","TE","0","0","0","0","0","0","0","0","0","0","0","0","0","0","0","0","0","0","0","0","0","0","0","0","0","0","0","0","0","0","0","0","0","0","0","0","0","0","0","0","0","0","0","0","0","0","0",""
"Colson Yankoff","WAS","3","TE","0","0","0","0","0","0","0","0","0","0","0","0","0","0","0","0","0","0","0","0","0","0","0","0","0","0","0","0","0","0","0","0","0","0","0","0","0","0","0","0","0","0","0","0","0","0","0",""
"Brayden Willis","SF","2","TE","1","0","0","0","0","0","0","0","0","2","0","0","0","0","0","0","0","0","0","0","0","0","0","0","0","0","0","0","0","0","0","0","0","0","0","0","0","0","0","0","0","0","0","0","0","0","0",""
"Travis Vokolek","ARZ","2","TE","0","0","0","0","0","0","0","0","0","0","0","0","0","0","0","0","0","0","0","0","0","0","0","0","0","0","0","0","0","0","0","0","0","0","0","0","0","0","0","0","0","0","0","0","0","0","0",""
"Grant Calcaterra","PHI","3","TE","2","1","0","6","0","0","0","0","50","4","3","6","0","0","0","0","0","0","0","0","0","0","0","0","0","0","0","0","0","0","0","0","0","0","0","0","0","0","0","0","0","0","0","0","0","1.6","0.02","1.6"
"Dallas Goedert","PHI","2","TE","9","8","0","77","0","1","0","0","88.9","7","8.56","9.63","2.63","1","1","1","11.1","12.5","100","0","0","0","0","0","0","0","0","0","0","0","0","0","0","0","0","0","0","0","0","0","0","0","0","0","0","21.7","0.19","2.71"
"Ian Thomas","LV","3","TE","0","0","0","0","0","0","0","0","0","0","0","0","0","0","0","0","0","0","0","0","0","0","0","0","0","0","0","0","0","0","0","0","0","0","0","0","0","0","0","0","0","0","0","0","0","0","0",""
"Ko Kieft","TB","3","TE","0","0","0","0","0","0","0","0","0","0","0","0","0","0","0","0","0","0","0","0","0","0","0","0","0","0","0","0","0","0","0","0","0","0","0","0","0","0","0","0","0","0","0","0","0","0","0",""
"Tanner Conner","MIA","3","TE","6","3","0","33","0","0","0","1","50","6.33","5.5","11","4.67","2","0","0","33.3","0","0","1","0","16.7","0","0","0","0","0","0","0","0","0","0","0","0","0","0","0","0","0","0","0","0","0","0","0","6.3","0.08","2.1"
"Ross Dwelley","DET","1","TE","0","0","0","0","0","0","0","0","0","0","0","0","0","0","0","0","0","0","0","0","0","0","0","0","0","0","0","0","0","0","0","0","0","0","0","0","0","0","0","0","0","0","0","0","0","0","0",""
"Johnny Mundt","JAX","3","TE","1","1","0","7","0","0","0","0","100","2","7","7","5","0","0","0","0","0","0","0","0","0","0","0","0","0","0","0","0","0","0","0","0","0","0","0","0","0","0","0","0","0","0","0","0","1.7","0.02","1.7"
"Robert Tonyan","KC","3","TE","0","0","0","0","0","0","0","0","0","0","0","0","0","0","0","0","0","0","0","0","0","0","0","0","0","0","0","0","0","0","0","0","0","0","0","0","0","0","0","0","0","0","0","0","0","0","0",""
"Jonnu Smith","PIT","3","TE","13","12","0","65","0","1","0","0","92.3","0.85","5","5.42","5.67","1","1","1","7.7","8.3","100","0","0","0","0","0","0","0","0","0","0","0","0","0","0","0","1","0","0","0","0","0","0","0","0","0","0","24.5","0.21","2.04"
"Chris Manhertz","NYG","3","TE","1","1","0","7","0","0","0","0","100","1","7","7","6","0","0","0","0","0","0","0","0","0","0","0","0","0","0","0","0","0","0","0","0","0","0","0","0","0","0","0","0","0","0","0","0","1.7","0.04","1.7"
"Harold Fannin Jr.","CLV","3","TE","18","15","0","136","0","0","0","1","83.3","5.11","7.56","9.07","4.67","2","2","0","11.1","13.3","0","0","0","0","0","0","1","0","3","0","0","0","3","3","1","1","0","0","0","0","0","0","0","0","0","0","0","28.9","0.2","1.81"
"Colston Loveland","CHI","3","TE","6","3","0","43","0","0","0","0","50","13.83","7.17","14.33","7","0","0","0","0","0","0","0","0","0","0","0","0","0","0","0","0","0","0","0","0","0","0","0","0","0","0","0","0","0","0","0","0","7.3","0.09","2.43"
"Mason Taylor","NYJ","3","TE","8","6","0","43","0","0","0","0","75","4.63","5.38","7.17","2.33","1","1","0","12.5","16.7","0","0","0","0","0","0","0","0","0","0","0","0","0","0","0","0","0","0","0","0","0","0","0","0","0","0","0","10.3","0.07","1.72"
"Mitchell Evans","CAR","3","TE","2","2","0","18","0","0","0","0","100","5.5","9","9","3.5","0","0","0","0","0","0","0","0","0","0","0","0","0","0","0","0","0","0","0","0","0","0","0","0","0","0","0","0","0","0","0","0","3.8","0.11","1.9"
"Terrance Ferguson","LA","1","TE","0","0","0","0","0","0","0","0","0","0","0","0","0","0","0","0","0","0","0","0","0","0","0","0","0","0","0","0","0","0","0","0","0","0","0","0","0","0","0","0","0","0","0","0","0","0","0",""
"Moliki Matavao","NO","2","TE","0","0","0","0","0","0","0","0","0","0","0","0","0","0","0","0","0","0","0","0","0","0","0","0","0","0","0","0","0","0","0","0","0","0","0","0","0","0","0","0","0","0","0","0","0","0","0",""
"Zaire Mitchell-Paden","BLT","3","TE","1","0","0","0","0","0","0","0","0","8","0","0","0","1","0","0","100","0","0","1","0","100","0","0","0","0","0","0","0","0","0","0","0","0","0","0","0","0","0","0","0","0","0","0","0","0","0",""
"Ja'Tavion Sanders","CAR","3","TE","14","11","0","92","0","0","0","2","78.6","7.86","6.57","8.36","2.82","5","4","0","35.7","36.4","0","1","0","7.1","0","0","0","0","0","0","0","0","0","0","0","0","0","0","0","0","0","0","0","0","0","0","0","20.2","0.16","1.84"
"Oronde Gadsden II","LAC","1","TE","6","5","0","46","0","0","0","0","83.3","8.33","7.67","9.2","1.6","1","0","0","16.7","0","0","1","0","16.7","0","0","0","0","0","0","0","0","0","0","0","0","0","0","0","0","0","0","0","0","0","0","0","9.6","0.44","1.92"
"Elijah Arroyo","SEA","3","TE","4","3","0","38","0","0","0","0","75","2.5","9.5","12.67","9.67","1","0","0","25","0","0","0","0","0","0","0","0","0","0","0","0","0","0","0","0","0","0","0","0","0","0","0","0","0","0","0","0","6.8","0.1","2.27"
"Cam Grandy","CIN","1","TE","1","1","0","6","0","0","0","0","100","-2","6","6","8","0","0","0","0","0","0","0","0","0","0","0","0","0","0","0","0","0","0","0","0","0","1","0","0","0","0","0","0","0","0","0","0","1.6","0.13","1.6"
"Benjamin Yurosek","MIN","3","TE","0","0","0","0","0","0","0","0","0","0","0","0","0","0","0","0","0","0","0","0","0","0","0","0","0","0","0","0","0","0","0","0","0","0","0","0","0","0","0","0","0","0","0","0","0","0","0",""
"AJ Barner","SEA","3","TE","6","4","0","49","0","1","0","0","66.7","5.83","8.17","12.25","4.5","2","2","1","33.3","50","100","0","0","0","0","0","2","0","4","0","0","0","2","1.5","0","0","0","1","0","50","0","0","0","0","0","0","0","15.3","0.12","2.55"
"Darnell Washington","PIT","3","TE","1","0","0","0","0","0","0","0","0","8","0","0","0","0","0","0","0","0","0","0","0","0","0","0","0","0","0","0","0","0","0","0","0","0","0","0","0","0","0","0","0","0","0","1","1","0","0",""
"Michael Mayer","LV","3","TE","6","6","0","47","0","0","0","0","100","3.67","7.83","7.83","4.17","1","1","0","16.7","16.7","0","0","0","0","0","0","0","0","0","0","0","0","0","0","0","0","0","0","0","0","0","0","0","0","0","0","0","10.7","0.16","1.78"
"Ben Sinnott","WAS","3","TE","1","1","0","7","0","0","0","0","100","7","7","7","0","0","0","0","0","0","0","0","0","0","0","0","0","0","0","0","0","0","0","0","0","0","0","0","0","0","0","0","0","0","0","0","0","1.7","0.04","1.7"
"Adam Trautman","DEN","3","TE","4","4","0","15","0","1","0","0","100","4.75","3.75","3.75","0.75","1","1","1","25","25","100","1","1","25","25","100","0","0","0","0","0","0","0","0","0","0","0","0","0","0","0","0","0","0","0","0","0","11.5","0.12","2.88"
"Jackson Hawes","BUF","3","TE","3","3","0","39","0","1","0","0","100","9.33","13","13","3.67","2","2","1","66.7","66.7","100","1","1","33.3","33.3","100","0","0","0","0","0","0","0","0","0","0","0","0","0","0","0","0","0","0","0","0","0","12.9","0.17","4.3"
"Tucker Kraft","GB","3","TE","14","11","1","169","1","2","0","1","78.6","6.93","12.07","15.36","9.45","3","3","2","21.4","27.3","100","2","2","14.3","18.2","100","1","0","3","0","0","0","3","1","0","0","0","0","0","0","0","0","0","0","0","0","0","40.2","0.25","3.35"
"Sam LaPorta","DET","3","TE","16","13","0","138","0","0","0","0","81.3","5.19","8.63","10.62","5.69","3","2","0","18.8","15.4","0","0","0","0","0","0","0","0","0","0","0","0","0","0","0","0","0","0","0","0","0","0","0","0","0","0","0","26.8","0.16","2.06"
"Cade Stover","HST","1","TE","4","4","0","22","0","0","0","0","100","2.25","5.5","5.5","3.25","0","0","0","0","0","0","0","0","0","0","0","0","0","0","0","0","0","0","0","0","0","0","0","0","0","0","0","0","0","0","0","0","6.2","0.17","1.55"
"Davis Allen","LA","3","TE","4","3","0","24","0","2","0","1","75","11.25","6","8","2.33","2","2","2","50","66.7","100","1","1","25","33.3","50","0","0","0","0","0","0","0","0","0","0","0","0","0","0","0","0","0","0","0","0","0","17.4","0.24","5.8"
"Treyton Welch","NO","1","TE","0","0","0","0","0","0","0","0","0","0","0","0","0","0","0","0","0","0","0","0","0","0","0","0","0","0","0","0","0","0","0","0","0","0","0","0","0","0","0","0","0","0","0","0","0","0","0",""
"Elijah Higgins","ARZ","3","TE","5","4","0","55","0","0","0","0","80","4","11","13.75","9.5","1","0","0","20","0","0","0","0","0","0","0","0","0","0","0","0","0","0","0","0","0","0","0","0","0","0","0","0","0","0","0","0","9.5","0.18","2.38"
"Julian Hill","MIA","3","TE","1","1","0","4","0","0","0","0","100","2","4","4","2","0","0","0","0","0","0","0","0","0","0","0","0","0","0","0","0","0","0","0","0","0","0","0","0","0","0","0","0","0","0","1","1","1.4","0.02","1.4"
"Pat Freiermuth","PIT","3","TE","9","7","0","65","0","0","0","0","77.8","7.33","7.22","9.29","2.29","1","0","0","11.1","0","0","1","0","11.1","0","0","0","0","0","0","0","0","0","0","0","0","0","0","0","0","0","0","0","0","0","0","0","13.5","0.14","1.93"
"Daniel Bellinger","NYG","3","TE","2","2","0","20","0","0","0","0","100","9.5","10","10","0.5","1","1","0","50","50","0","0","0","0","0","0","0","0","0","0","0","0","0","0","0","0","0","0","0","0","0","0","0","0","0","0","0","4","0.08","2"
"Teagan Quitoriano","ATL","3","TE","0","0","0","0","0","0","0","0","0","0","0","0","0","0","0","0","0","0","0","0","0","0","0","0","0","0","0","0","0","0","0","0","0","0","0","0","0","0","0","0","0","0","0","0","0","0","0",""
"Jeremy Ruckert","NYJ","3","TE","3","3","0","21","0","1","0","0","100","6.67","7","7","0.67","1","1","1","33.3","33.3","100","1","1","33.3","33.3","100","0","0","0","0","0","0","0","0","0","0","0","0","0","0","0","0","0","0","0","0","0","11.1","0.15","3.7"
"Tommy Tremble","CAR","3","TE","6","6","0","38","0","0","0","0","100","3.33","6.33","6.33","3","1","1","0","16.7","16.7","0","0","0","0","0","0","0","0","0","0","0","0","0","0","0","0","0","0","0","0","0","0","0","0","0","0","0","9.8","0.1","1.63"
"Brevyn Spann-Ford","DAL","3","TE","2","1","0","3","0","0","0","0","50","15","1.5","3","2","0","0","0","0","0","0","0","0","0","0","0","0","0","0","0","0","0","0","0","0","0","0","0","0","0","0","0","0","0","0","0","0","1.3","0.04","1.3"
"Luke Schoonmaker","DAL","3","TE","4","1","0","5","0","0","0","0","25","11","1.25","5","1","0","0","0","0","0","0","0","0","0","0","0","0","0","0","0","0","0","0","0","0","0","0","0","0","0","0","0","0","0","0","0","0","1.5","0.02","1.5"
"Chigoziem Okonkwo","TEN","3","TE","16","12","0","120","0","0","0","1","75","4.63","7.5","10","6.92","0","0","0","0","0","0","0","0","0","0","0","0","0","0","0","0","0","0","0","0","0","0","0","0","0","0","0","0","0","0","0","0","24","0.16","2"
"John FitzPatrick","GB","3","TE","3","3","0","14","0","1","0","0","100","3","4.67","4.67","2.33","1","1","1","33.3","33.3","100","1","1","33.3","33.3","100","0","0","0","0","0","0","0","0","0","0","0","0","0","0","0","0","0","0","0","0","0","10.4","0.2","3.47"
"Kyle Pitts","ATL","3","TE","18","15","0","135","0","0","0","0","83.3","4.83","7.5","9","4.73","2","2","0","11.1","13.3","0","0","0","0","0","0","0","0","0","0","0","0","0","0","0","0","0","0","0","0","0","0","0","0","0","0","0","28.5","0.17","1.9"
"Lucas Krull","DEN","3","TE","4","2","0","15","0","0","0","0","50","5","3.75","7.5","1.5","0","0","0","0","0","0","0","0","0","0","0","0","0","0","0","0","0","0","0","0","0","0","0","0","0","0","0","0","0","0","0","0","3.5","0.07","1.75"
"Cameron Latu","PHI","2","TE","0","0","0","0","0","0","0","0","0","0","0","0","0","0","0","0","0","0","0","0","0","0","0","0","0","0","0","0","0","0","0","0","0","0","0","0","0","0","0","0","0","0","0","0","0","0","0",""
"David Martin-Robinson","TEN","2","TE","0","0","0","0","0","0","0","0","0","0","0","0","0","0","0","0","0","0","0","0","0","0","0","0","0","0","0","0","0","0","0","0","0","0","0","0","0","0","0","0","0","0","0","0","0","0","0",""
"Blake Whiteheart","CLV","3","TE","0","0","0","0","0","0","0","0","0","0","0","0","0","0","0","0","0","0","0","0","0","0","0","0","0","0","0","0","0","0","0","0","0","0","0","0","0","0","0","0","0","0","0","0","0","0","0",""
"Trey McBride","ARZ","3","TE","22","17","0","182","0","1","0","0","77.3","5.64","8.27","10.71","5.24","3","2","1","13.6","11.8","100","1","1","4.5","5.9","100","0","0","0","0","0","0","0","0","0","0","0","0","0","0","0","0","0","0","0","0","0","41.2","0.24","2.42"
"Jake Ferguson","DAL","3","TE","32","27","0","183","0","0","0","2","84.4","4.94","5.72","6.78","3.15","3","1","0","9.4","3.7","0","2","0","6.3","0","0","0","0","0","0","0","0","0","0","0","0","0","0","0","0","0","0","0","0","0","0","0","45.3","0.29","1.68"
"Cade Otton","TB","3","TE","6","3","0","25","0","0","0","1","50","7.33","4.17","8.33","2.67","1","1","0","16.7","33.3","0","0","0","0","0","0","0","0","0","0","0","0","0","0","0","0","0","0","0","0","0","0","0","0","0","0","0","5.5","0.03","1.83"
"Cole Kmet","CHI","3","TE","7","4","0","70","0","1","0","0","57.1","12.29","10","17.5","3","2","1","1","28.6","25","100","1","1","14.3","25","100","0","0","0","0","0","0","0","0","0","0","0","0","0","0","0","0","0","0","0","0","0","17","0.1","4.25"
"Brock Wright","DET","3","TE","3","3","0","28","0","1","0","0","100","1.67","9.33","9.33","7.67","1","1","1","33.3","33.3","100","0","0","0","0","0","0","0","0","0","0","0","0","0","0","0","0","0","0","0","0","0","0","0","0","0","0","11.8","0.13","3.93"
"Charlie Kolar","BLT","3","TE","3","2","0","22","0","0","0","0","66.7","12.33","7.33","11","3","0","0","0","0","0","0","0","0","0","0","0","0","0","0","0","0","0","0","0","0","0","0","0","0","0","0","0","0","0","0","0","0","4.2","0.05","2.1"
"Noah Gray","KC","3","TE","9","5","0","21","0","0","0","0","55.6","5.11","2.33","4.2","3","0","0","0","0","0","0","0","0","0","0","0","0","0","0","0","0","0","0","0","0","0","0","0","0","0","0","0","0","0","0","0","0","7.1","0.06","1.42"
"Jake Tonges","SF","3","TE","11","9","0","67","0","1","0","1","81.8","3.91","6.09","7.44","4.78","3","2","1","27.3","22.2","100","1","1","9.1","11.1","100","0","0","0","0","0","0","0","0","0","0","0","0","0","0","0","0","0","0","0","0","0","21.7","0.17","2.41"
"Hunter Long","JAX","3","TE","4","3","0","18","0","1","0","1","75","3.75","4.5","6","2","1","1","1","25","33.3","100","1","1","25","33.3","100","0","0","0","0","0","0","0","0","0","0","0","0","0","0","0","0","0","0","0","0","0","10.8","0.51","3.6"
"Connor Heyward","PIT","3","TE","1","1","0","6","0","0","0","0","100","4","6","6","2","0","0","0","0","0","0","0","0","0","0","0","0","0","0","0","0","0","0","0","0","0","0","0","0","0","0","0","0","0","0","0","0","1.6","0.11","1.6"
"Tucker Fisk","LAC","1","TE","0","0","0","0","0","0","0","0","0","0","0","0","0","0","0","0","0","0","0","0","0","0","0","0","0","0","0","0","0","0","0","0","0","0","0","0","0","0","0","0","0","0","0","0","0","0","0",""
"Colby Parkinson","LA","2","TE","2","2","0","-6","0","0","0","0","100","-0.5","-3","-3","0","1","1","0","50","50","0","0","0","0","0","0","0","0","0","0","0","0","0","0","0","0","1","0","0","0","0","0","0","0","0","0","0","1.4","0.03","0.7"
"Mark Andrews","BLT","3","TE","10","8","0","98","0","2","0","0","80","8.8","9.8","12.25","3.63","5","3","2","50","37.5","100","3","1","30","12.5","50","1","0","2","0","0","0","2","1","0","0","0","0","0","0","0","0","0","0","0","0","1","30","0.23","3.33"
"Dalton Schultz","HST","3","TE","14","11","0","96","0","0","0","0","78.6","6.57","6.86","8.73","3.45","3","1","0","21.4","9.1","0","1","0","7.1","0","0","0","0","0","0","0","0","0","0","0","0","0","0","0","0","0","0","0","0","0","0","0","20.6","0.18","1.87"
"Drew Sample","CIN","3","TE","3","3","0","27","0","1","0","0","100","2","9","9","7","1","1","1","33.3","33.3","100","0","0","0","0","0","0","0","0","0","0","0","0","0","0","0","0","0","0","0","0","0","0","0","0","0","0","11.7","0.11","3.9"
"Durham Smythe","CHI","3","TE","0","0","0","0","0","0","0","0","0","0","0","0","0","0","0","0","0","0","0","0","0","0","0","0","0","0","0","0","0","0","0","0","0","0","0","0","0","0","0","0","0","0","0","0","0","0","0",""
"Mike Gesicki","CIN","3","TE","10","5","0","38","0","0","0","0","50","9.3","3.8","7.6","1.2","4","2","0","40","40","0","1","0","10","0","0","0","0","0","0","0","0","0","0","0","0","0","0","0","0","0","0","0","0","0","0","0","8.8","0.13","1.76"
"Tyler Conklin","LAC","3","TE","4","2","0","50","0","0","0","1","50","6.75","12.5","25","11.5","1","1","0","25","50","0","0","0","0","0","0","1","0","2","0","0","0","2","2","0","0","1","0","0","0","0","0","0","0","0","0","0","7.2","0.09","2.4"
"Josh Oliver","MIN","3","TE","2","2","0","17","0","1","0","0","100","1.5","8.5","8.5","7","1","1","1","50","50","100","0","0","0","0","0","0","0","0","0","0","0","0","0","0","0","0","0","0","0","0","0","0","0","0","0","1","9.7","0.16","4.85"
"Noah Fant","CIN","3","TE","14","12","0","80","0","1","0","1","85.7","3.21","5.71","6.67","3.42","1","1","1","7.1","8.3","100","1","1","7.1","8.3","100","0","0","0","0","0","0","0","0","0","0","1","0","0","0","0","0","0","0","0","0","0","26","0.43","2.17"
"Luke Farrell","SF","3","TE","3","3","0","19","0","1","0","0","100","0.33","6.33","6.33","6","1","1","1","33.3","33.3","100","0","0","0","0","0","0","0","0","0","0","0","0","0","0","0","0","0","0","0","0","0","0","0","0","0","0","10.9","0.09","3.63"
"John Bates","WAS","2","TE","0","0","0","0","0","0","0","0","0","0","0","0","0","0","0","0","0","0","0","0","0","0","0","0","0","0","0","0","0","0","0","0","0","0","0","0","0","0","0","0","0","0","0","0","0","0","0",""
"Charlie Woerner","ATL","3","TE","1","1","0","-5","0","0","0","0","100","-7","-5","-5","2","0","0","0","0","0","0","0","0","0","0","0","0","0","0","0","0","0","0","0","0","0","0","0","0","0","0","0","0","0","0","0","0","0.5","0","0.5"
"Jack Stoll","NO","3","TE","3","2","0","21","0","1","0","0","66.7","9.67","7","10.5","2","1","1","1","33.3","50","100","1","1","33.3","50","100","0","0","0","0","0","0","0","0","0","0","0","0","0","0","0","0","0","0","0","0","0","10.1","0.17","5.05"
"T.J. Hockenson","MIN","3","TE","13","9","0","76","0","1","0","0","69.2","7.08","5.85","8.44","3.33","5","4","1","38.5","44.4","100","1","1","7.7","11.1","100","0","0","0","0","0","0","0","0","0","0","0","0","0","0","0","0","0","0","0","0","0","22.6","0.19","2.51"
"Kylen Granson","PHI","3","TE","2","2","0","6","0","0","0","0","100","2","3","3","1","0","0","0","0","0","0","0","0","0","0","0","0","0","0","0","0","0","0","0","0","0","0","0","0","0","0","0","0","0","0","0","0","2.6","0.05","1.3"
"Feleipe Franks","ATL","1","TE","0","0","0","0","0","0","0","0","0","0","0","0","0","0","0","0","0","0","0","0","0","0","0","0","0","0","0","0","0","0","0","0","0","0","0","0","0","0","0","0","0","0","0","0","0","0","0",""
"Dawson Knox","BUF","3","TE","6","4","0","39","0","0","0","2","66.7","3.67","6.5","9.75","8.25","1","1","0","16.7","25","0","0","0","0","0","0","0","0","0","0","0","0","0","0","0","0","0","0","0","0","0","0","0","0","0","0","0","7.9","0.07","1.98"
"Will Dissly","LAC","2","TE","2","2","0","25","0","0","0","0","100","4.5","12.5","12.5","8","0","0","0","0","0","0","0","0","0","0","0","0","0","0","0","0","0","0","0","0","0","0","0","0","0","0","0","0","0","0","0","0","4.5","0.07","2.25"
"Juwan Johnson","NO","3","TE","28","19","0","176","0","1","0","4","67.9","6.36","6.29","9.26","4.58","6","4","1","21.4","21.1","100","2","1","7.1","5.3","100","0","0","0","0","0","0","0","0","0","0","0","0","0","0","0","0","0","0","0","0","0","42.6","0.2","2.24"
"Harrison Bryant","HST","2","TE","1","0","0","0","0","0","0","0","0","14","0","0","0","0","0","0","0","0","0","0","0","0","0","0","0","0","0","0","0","0","0","0","0","0","0","0","0","0","0","0","0","0","0","0","0","0","0",""
"Mo Alie-Cox","IND","3","TE","2","2","0","28","0","0","0","0","100","1","14","14","13","1","1","0","50","50","0","0","0","0","0","0","0","0","0","0","0","0","0","0","0","0","0","0","0","0","0","0","0","0","0","0","0","4.8","0.06","2.4"
"Eric Saubert","SEA","3","TE","1","1","0","12","0","0","0","0","100","6","12","12","6","1","1","0","100","100","0","0","0","0","0","0","0","0","0","0","0","0","0","0","0","0","0","0","0","0","0","0","0","0","0","0","0","2.2","0.04","2.2"
"George Kittle","SF","1","TE","4","4","0","25","0","1","0","0","100","5.25","6.25","6.25","1","2","2","1","50","50","100","0","0","0","0","0","0","0","0","0","0","0","0","0","0","0","0","0","0","0","0","0","0","0","0","0","0","12.5","0.6","3.13"
"David Njoku","CLV","3","TE","17","12","0","117","0","0","0","0","70.6","6.71","6.88","9.75","5.33","0","0","0","0","0","0","0","0","0","0","0","0","0","0","0","0","0","0","0","0","0","0","0","0","0","0","0","0","0","0","0","0","23.7","0.14","1.97"
"Evan Engram","DEN","2","TE","6","4","0","33","0","0","0","0","66.7","3.33","5.5","8.25","5.5","0","0","0","0","0","0","0","0","0","0","0","0","0","0","0","0","0","0","0","0","0","0","0","0","0","0","0","0","0","0","0","0","7.3","0.14","1.82"
"Tyler Higbee","LA","3","TE","5","4","0","37","0","0","0","0","80","-1.4","7.4","9.25","9.75","1","1","0","20","25","0","0","0","0","0","0","0","0","0","0","0","0","0","0","0","0","0","0","0","0","0","0","0","0","0","0","0","7.7","0.07","1.93"
"Austin Hooper","NE","3","TE","7","6","0","76","0","0","0","0","85.7","9.14","10.86","12.67","4.83","2","2","0","28.6","33.3","0","0","0","0","0","0","0","0","0","0","0","0","0","0","0","0","0","0","0","0","0","0","0","0","0","0","0","13.6","0.13","2.27"
"Hunter Henry","NE","3","TE","20","13","0","165","0","2","0","1","65","10.1","8.25","12.69","3.92","6","4","2","30","30.8","100","2","1","10","7.7","50","0","0","0","0","0","0","0","0","0","0","0","0","0","0","0","0","0","0","0","0","0","41.5","0.23","3.19"
"Travis Kelce","KC","3","TE","15","10","0","134","0","1","0","2","66.7","6.47","8.93","13.4","8","3","0","0","20","0","0","0","0","0","0","0","0","0","0","0","0","0","0","0","0","0","0","0","0","0","0","0","0","0","0","0","0","29.4","0.2","2.94"
"Zach Ertz","WAS","3","TE","15","12","0","128","0","2","0","2","80","7.8","8.53","10.67","3.08","2","2","2","13.3","16.7","100","0","0","0","0","0","0","0","0","0","0","0","0","0","0","0","0","0","0","0","0","0","0","0","0","0","0","36.8","0.27","3.07"